scenario,tot_stock_C,tot_stock_E,tot_stock_N,tot_stock_P,tot_stock_S
CH1SP0SE1WE0BP1RE0CO0DI0WO0CS0,174767926,2909517,23379970,23729292,637879
CH1SP0SE1WE1BP1RE0CO1DI1WO0CS0,168810411,4751994,21282117,29724303,855759
CH0SP1SE0WE0BP0RE1CO0DI0WO1CS0,168482143,3241923,16068263,36439729,1192526
CH1SP1SE0WE0BP1RE0CO0DI1WO1CS0,166395364,4914633,17086390,35979160,1049037
CH1SP0SE1WE0BP0RE1CO0DI1WO0CS1,164497439,6695427,18130586,34004584,2096548
CH1SP0SE1WE0BP0RE1CO0DI0WO1CS1,168923942,8684396,18709735,26723868,2382643
CH1SP0SE1WE0BP0RE1CO0DI1WO0CS0,164803112,6777988,18014176,34441054,1388254
CH0SP0SE1WE0BP1RE1CO0DI1WO1CS0,165238638,5232624,20330197,33274039,1349086
CH0SP0SE1WE1BP1RE0CO0DI0WO0CS0,175549318,1732023,23656066,23798411,688766
CH0SP1SE0WE0BP1RE1CO0DI1WO1CS0,161822269,3468590,17016461,42106642,1010622
CH0SP1SE0WE1BP0RE1CO1DI0WO0CS1,167122341,1826704,16318664,38477271,1679604
CH1SP0SE1WE0BP1RE1CO1DI0WO0CS1,167811567,5903839,22628687,26417700,2662791
CH1SP0SE0WE0BP1RE1CO0DI0WO1CS1,169082543,7175493,22554993,24738295,1873260
CH1SP0SE0WE0BP1RE0CO0DI1WO0CS0,170480465,3442946,21451252,29092650,957271
CH0SP0SE0WE0BP1RE0CO1DI0WO1CS0,173195148,3568300,23394555,24313051,953530
CH0SP0SE0WE1BP0RE0CO0DI0WO0CS1,175646251,1576452,20403640,26036584,1761657
CH0SP1SE1WE0BP1RE1CO0DI0WO1CS1,168002490,3478644,19037379,32711437,2194634
CH0SP1SE1WE0BP1RE0CO1DI1WO0CS0,165384559,1941135,17450054,39727981,920855
CH0SP1SE0WE1BP1RE0CO0DI0WO1CS1,172840115,1868576,19567788,30035411,1112694
CH1SP0SE1WE0BP0RE0CO0DI0WO1CS0,173822168,6300793,19091160,25180514,1029949
CH0SP1SE1WE0BP0RE0CO0DI1WO0CS1,167635149,1727116,15224884,39383411,1454024
CH0SP0SE1WE1BP0RE1CO1DI0WO0CS1,169952665,3311717,19967575,29554674,2637953
CH0SP1SE0WE0BP0RE0CO0DI0WO1CS1,172578117,2197913,16353169,32839338,1456047
CH0SP1SE0WE1BP0RE1CO0DI0WO1CS1,168856454,2787409,16167184,35705627,1907910
CH1SP0SE0WE0BP0RE0CO1DI0WO0CS0,173032062,3976613,20241647,27017288,1156974
CH0SP1SE1WE1BP0RE1CO1DI0WO1CS0,167157186,3910470,15906273,37385149,1065506
CH0SP0SE1WE0BP0RE0CO0DI0WO0CS0,175702654,2155966,20260986,26381319,923659
CH0SP1SE0WE1BP0RE0CO0DI0WO1CS1,172605484,2165263,16424112,32729631,1500094
CH1SP0SE1WE0BP1RE1CO0DI0WO0CS1,170168386,4703243,22705638,25433734,2413583
CH0SP0SE1WE1BP0RE0CO0DI0WO0CS0,175750923,2128446,20006287,26586756,952172
CH1SP1SE0WE0BP1RE1CO0DI0WO1CS0,167212334,6082328,19101312,32078809,949801
CH1SP0SE0WE0BP0RE1CO0DI0WO1CS1,169062416,7810425,18974523,27248871,2328349
CH0SP0SE1WE1BP1RE0CO1DI1WO0CS0,169798671,2656928,21739926,30327694,901365
CH1SP0SE1WE1BP0RE1CO0DI1WO0CS1,165706649,5949300,18241591,33267840,2259204
CH1SP1SE0WE0BP0RE1CO0DI1WO0CS1,161558251,3803669,15053354,42945536,2063774
CH0SP1SE1WE0BP0RE1CO0DI0WO1CS0,168586779,3656476,15934455,36175420,1071454
CH1SP0SE1WE0BP1RE0CO1DI1WO0CS0,167949222,5397751,21125612,30097822,854177
CH0SP0SE0WE1BP0RE1CO1DI0WO0CS1,169970777,2644360,20316388,29927488,2565571
CH0SP0SE0WE1BP1RE0CO0DI0WO0CS1,175410054,1204537,23504689,23725600,1579704
CH1SP0SE1WE0BP0RE0CO0DI0WO0CS1,174548889,3228421,19827286,25938578,1881410
CH0SP1SE0WE1BP1RE0CO1DI1WO0CS0,166025900,1340140,17649658,39332689,1076197
CH0SP0SE0WE1BP0RE1CO1DI0WO1CS0,169935649,4744964,19657534,29771007,1315430
CH0SP0SE0WE1BP0RE0CO0DI1WO0CS1,171370127,2025466,19084547,31148448,1795996
CH0SP0SE1WE0BP0RE1CO0DI0WO0CS1,170938800,2983228,19826131,28629811,3046614
CH1SP0SE1WE0BP1RE1CO0DI1WO0CS1,164873439,6042892,20496590,32038397,1973266
CH0SP1SE0WE0BP1RE0CO1DI0WO1CS0,170860373,2608211,19680132,31489355,786513
CH1SP0SE1WE1BP0RE0CO0DI0WO0CS0,175160923,3285719,19978815,25997068,1002059
CH1SP0SE0WE1BP0RE1CO0DI0WO0CS0,171314381,4403324,19929082,28301742,1476055
CH0SP0SE0WE0BP0RE0CO0DI1WO0CS0,171177504,2174724,19132481,31598378,1341497
CH0SP0SE1WE0BP0RE0CO1DI0WO1CS0,173314768,4953071,19273516,26722749,1160480
CH0SP0SE1WE1BP1RE0CO0DI0WO1CS1,174962908,3040062,22908682,23442691,1070241
CH1SP1SE0WE0BP0RE0CO1DI0WO1CS0,169486504,5268114,16155314,33637757,876895
CH0SP0SE1WE0BP0RE0CO1DI1WO0CS0,168952427,3322735,18934904,32946686,1267832
CH0SP1SE0WE0BP1RE0CO0DI0WO1CS0,172755916,2206567,19735737,29865599,860765
CH0SP0SE0WE1BP0RE0CO0DI0WO1CS0,175363869,3009097,20005479,25930170,1115969
CH1SP1SE0WE0BP0RE0CO0DI1WO1CS0,166456137,4772040,15143662,38177874,874871
CH1SP1SE0WE1BP0RE1CO0DI1WO1CS0,161857627,6449198,14790544,40976174,1351041
CH0SP1SE1WE0BP0RE1CO1DI0WO1CS0,166404829,4294777,15858270,37828424,1038284
CH0SP0SE0WE1BP1RE0CO1DI0WO1CS0,173472300,3273326,23433111,24240881,1004966
CH0SP1SE1WE0BP1RE1CO0DI1WO0CS1,162023478,2353803,17072698,42067713,1906892
CH1SP0SE0WE1BP1RE0CO0DI0WO0CS1,175125232,1749138,23382101,23680988,1487125
CH0SP1SE1WE0BP1RE1CO1DI0WO0CS0,166992217,2398844,19560977,35322823,1149723
CH0SP0SE1WE0BP0RE1CO0DI0WO1CS1,170426921,4776193,19108114,28126877,2986479
CH0SP0SE0WE0BP1RE0CO0DI1WO1CS0,170889435,3455013,21205717,28769621,1104798
CH0SP0SE0WE1BP0RE1CO0DI0WO0CS1,172025618,2125514,20037409,28768422,2467621
CH1SP0SE0WE0BP1RE0CO1DI0WO1CS0,171425681,6391967,22683114,24133598,790224
CH1SP0SE0WE1BP1RE0CO0DI1WO0CS0,170965431,3044008,21625078,28868817,921250
CH0SP1SE1WE1BP0RE1CO0DI0WO0CS1,169112689,1964756,16072377,36453374,1821388
CH0SP0SE1WE0BP1RE0CO0DI0WO1CS1,174452086,3295215,22525024,23401070,1751189
CH1SP1SE0WE1BP0RE0CO0DI1WO1CS0,167008946,4539111,15092267,37748010,1036250
CH0SP0SE1WE0BP1RE1CO1DI0WO0CS1,169127353,2907378,23371341,26990170,3028342
CH0SP1SE1WE1BP0RE1CO1DI0WO0CS1,166954990,2178568,16168149,38020227,2102650
CH1SP0SE0WE1BP0RE0CO1DI0WO0CS1,173427404,3144995,20397243,26849784,1605158
CH0SP0SE0WE0BP0RE0CO1DI0WO0CS1,173417655,2054654,20522808,27234122,2195345
CH1SP0SE1WE1BP0RE0CO1DI0WO0CS1,173140236,4064314,19921238,26715607,1583189
CH0SP0SE0WE0BP1RE1CO0DI1WO0CS1,165515768,2559140,21294319,33596862,2458495
CH1SP1SE0WE1BP0RE1CO0DI0WO1CS0,168049411,5362582,16089662,34869535,1053394
CH1SP0SE0WE0BP1RE1CO0DI0WO0CS1,170245861,4046307,23242568,25717446,2172402
CH0SP1SE0WE0BP0RE1CO1DI0WO0CS0,166728612,2173507,16262788,39117033,1142644
CH0SP0SE1WE0BP1RE0CO1DI1WO0CS0,169134846,2960946,21453969,30738996,1135827
CH1SP0SE0WE0BP0RE0CO0DI0WO1CS0,173947648,5405511,19461437,25449954,1160034
CH1SP1SE0WE0BP1RE1CO0DI1WO0CS0,161652137,4184952,17123563,41284026,1179906
CH1SP0SE0WE1BP0RE0CO0DI1WO0CS1,170789145,3290067,19007833,30840565,1496974
CH1SP0SE0WE0BP0RE1CO0DI0WO0CS1,170341018,4490512,19739118,28165728,2688208
CH0SP1SE0WE0BP1RE0CO0DI1WO1CS0,167589929,2475479,17399332,36854597,1105247
CH0SP0SE1WE0BP0RE1CO1DI0WO0CS1,168940319,3489975,19824166,29666562,3503562
CH1SP0SE1WE0BP0RE0CO1DI0WO1CS0,171402610,8156970,18873816,25949915,1041273
CH1SP0SE0WE1BP0RE0CO0DI0WO1CS0,174345622,4947720,19602545,25469437,1059260
CH0SP1SE1WE0BP1RE0CO0DI1WO0CS1,167548242,1640478,17217276,37365509,1653079
CH1SP1SE0WE1BP0RE1CO0DI1WO0CS0,162697085,3686664,15103203,42945158,992474
CH0SP1SE1WE1BP0RE0CO1DI0WO1CS0,171061965,3203207,16149207,34228772,781433
CH1SP0SE0WE0BP0RE0CO1DI1WO0CS0,167955672,5059043,18879869,32497203,1032797
CH0SP0SE0WE0BP0RE1CO0DI0WO0CS1,170961680,2493132,20003525,28806319,3159928
CH1SP1SE0WE0BP0RE0CO0DI0WO1CS0,171787023,4010721,16299565,32393643,933632
CH0SP1SE0WE1BP0RE1CO1DI1WO0CS0,160466504,2034031,15043161,46632233,1248655
CH0SP1SE1WE1BP0RE0CO1DI1WO0CS0,165772674,1845686,15296706,41567000,942518
CH0SP0SE0WE0BP0RE0CO0DI0WO0CS0,175711141,1611138,20354581,26470391,1277333
CH1SP0SE1WE1BP0RE0CO0DI0WO0CS1,174981802,3236293,19825932,25883544,1497013
CH1SP0SE0WE0BP0RE1CO1DI0WO0CS0,168694761,6034737,19872636,29454216,1368234
CH0SP1SE0WE1BP1RE0CO1DI0WO0CS0,171490546,1161182,19909405,32074840,788611
CH1SP1SE0WE1BP0RE0CO1DI0WO0CS1,170871769,2184329,16438840,34615092,1314554
CH0SP1SE1WE0BP0RE1CO0DI1WO0CS1,161944997,2398116,15000817,43646652,2434002
CH1SP0SE1WE1BP0RE0CO1DI0WO1CS0,172019402,7422593,19069723,25874874,1037992
CH0SP1SE0WE1BP0RE0CO1DI0WO0CS0,171476059,1215908,16551039,35196468,985110
CH1SP0SE1WE0BP0RE0CO1DI0WO0CS1,172525381,4579349,19789855,26822810,1707189
CH1SP1SE0WE0BP1RE1CO1DI0WO0CS1,165643201,3931258,19324352,34448099,2077674
CH0SP0SE0WE1BP0RE0CO1DI0WO0CS0,174298764,1972409,20614428,27353618,1185365
CH0SP1SE0WE1BP0RE0CO1DI0WO0CS1,171285612,1109870,16608609,35021584,1398909
CH1SP1SE0WE0BP1RE1CO0DI0WO0CS0,168160926,3695433,19499980,33010920,1057325
CH0SP0SE1WE1BP0RE1CO1DI0WO1CS0,169948335,5469183,19240001,29375617,1391448
CH0SP0SE0WE1BP0RE1CO0DI1WO1CS0,165979098,4482877,18409592,35098969,1454048
CH0SP1SE0WE0BP1RE1CO0DI1WO0CS0,162241623,1985258,17145728,42808080,1243895
CH0SP1SE0WE1BP1RE0CO1DI0WO0CS1,171349774,1059053,19734845,32137217,1143695
CH1SP0SE0WE1BP0RE1CO1DI0WO0CS1,169268908,4880984,19913201,29320902,2040589
CH1SP1SE0WE0BP0RE0CO0DI0WO0CS1,172334546,1689697,16576848,33291960,1531533
CH1SP0SE1WE1BP0RE1CO0DI1WO0CS0,165696922,5953982,18200111,34138887,1434682
CH1SP1SE0WE1BP0RE0CO0DI1WO0CS0,167964703,2240100,15200178,39142362,877241
CH0SP1SE0WE0BP1RE1CO0DI0WO0CS0,169001527,1761116,19556108,33852185,1253648
CH0SP1SE0WE0BP0RE0CO1DI0WO0CS1,170720536,1344804,16507475,35214513,1637256
CH0SP0SE1WE1BP0RE1CO0DI1WO0CS1,166148588,3303060,18485878,35428654,2058404
CH1SP1SE0WE1BP0RE1CO0DI0WO0CS1,168692727,3013589,16138804,35836675,1742789
CH0SP1SE0WE0BP1RE0CO1DI0WO0CS1,170746475,1249552,19749929,32150996,1527632
CH1SP1SE0WE1BP0RE0CO0DI0WO1CS1,171964655,3474018,16322240,32034816,1628855
CH1SP0SE0WE1BP1RE0CO0DI0WO0CS0,175219265,2074098,23704913,23684273,742035
CH0SP1SE0WE0BP0RE1CO1DI0WO0CS1,166168159,2039373,16270737,38671757,2274558
CH1SP1SE0WE1BP0RE1CO0DI0WO1CS1,167712048,5572986,16054467,34429264,1655819
CH1SP0SE0WE0BP1RE1CO0DI1WO0CS1,164827642,5081191,20907615,32353756,2254380
CH0SP0SE0WE0BP0RE0CO0DI0WO0CS1,175243719,1647887,20391978,26262232,1878768
CH0SP0SE1WE1BP0RE0CO0DI0WO0CS1,175497315,2103835,20198866,25755095,1869473
CH0SP0SE1WE0BP1RE0CO0DI1WO1CS0,170839787,4065121,20723023,28562850,1233803
CH0SP1SE0WE0BP1RE0CO1DI1WO0CS0,165326947,1591668,17594730,39867102,1044137
CH1SP0SE1WE0BP1RE1CO1DI0WO1CS0,166788150,10285022,21838113,25507825,1005474
CH1SP0SE0WE1BP0RE0CO0DI0WO0CS0,169922684,2118980,19595667,25773518,984940
CH0SP1SE1WE1BP0RE0CO0DI1WO1CS0,167872233,3024665,14931439,38957753,638494
CH1SP1SE0WE1BP0RE0CO1DI1WO0CS0,165521641,2627196,15356897,40972796,946054
CH0SP1SE0WE1BP0RE0CO0DI1WO0CS0,168125526,1325722,15361550,39661559,950227
CH1SP0SE1WE1BP1RE0CO0DI1WO0CS0,170805041,3893526,21203220,28501690,1021107
CH0SP0SE1WE0BP1RE0CO0DI1WO0CS1,170952784,2282769,21399897,29116069,1673065
CH1SP0SE0WE0BP0RE1CO1DI0WO0CS1,168129402,5620924,19784500,29325927,2563831
CH0SP0SE1WE1BP0RE1CO0DI0WO1CS1,171386563,4598472,19162129,28093567,2183853
CH1SP1SE0WE1BP1RE0CO0DI0WO1CS1,172078724,3254525,19120063,29652994,1318278
CH0SP0SE1WE0BP1RE1CO1DI1WO0CS0,163377445,3763249,21036424,35936262,1311204
CH1SP1SE0WE1BP1RE0CO1DI0WO1CS0,170151543,4272207,19439332,30912689,648813
CH0SP0SE0WE0BP1RE0CO0DI1WO0CS1,170967040,1809198,21654403,29223624,1770319
CH0SP0SE0WE0BP1RE1CO0DI0WO0CS1,171026298,1979902,23533238,26043469,2841677
CH0SP1SE0WE0BP1RE1CO1DI0WO1CS0,166523361,3629190,19400012,34624281,1247740
CH0SP0SE0WE0BP0RE0CO0DI0WO1CS1,174794626,2992462,19831611,25807368,1998517
CH1SP0SE0WE0BP0RE0CO0DI0WO0CS1,174804085,2813137,20031236,26279346,1496780
CH1SP0SE1WE0BP1RE0CO1DI0WO0CS0,172742243,4079062,23327739,24589322,686218
CH0SP0SE1WE1BP0RE0CO1DI0WO0CS1,173870851,2538949,20317808,27028652,1668324
CH0SP1SE0WE0BP1RE0CO0DI1WO0CS0,167833414,1288876,17559828,37542419,1200047
CH1SP0SE0WE0BP0RE1CO1DI1WO0CS0,162382121,6796953,18582218,36217559,1445733
CH0SP0SE1WE1BP1RE0CO0DI0WO0CS1,175395659,1573196,23506321,23617035,1332373
CH0SP1SE1WE1BP0RE1CO0DI1WO1CS0,162725871,3577595,14744935,43145863,1230320
CH1SP0SE1WE0BP0RE0CO1DI0WO0CS0,172873887,4825214,19788044,26764108,1173331
CH1SP0SE0WE0BP0RE1CO0DI1WO0CS0,164883328,6000344,18575919,34810873,1154120
CH1SP0SE0WE0BP0RE0CO0DI1WO0CS0,170427794,3788269,19024654,31104673,1079194
CH1SP1SE0WE0BP0RE1CO0DI0WO0CS1,167814706,3443132,16101062,36256188,1809496
CH1SP1SE0WE0BP0RE0CO1DI0WO0CS1,170281208,2657563,16455919,34792418,1237476
CH0SP1SE0WE0BP1RE1CO0DI1WO0CS1,161966460,1893594,17203682,42270727,2090121
CH0SP0SE1WE0BP1RE0CO0DI1WO0CS0,171320486,2451220,21508873,29138821,1005184
CH0SP0SE0WE0BP1RE1CO1DI0WO0CS0,170086912,2598884,24028690,27574171,1135927
CH1SP0SE1WE0BP1RE0CO0DI1WO0CS0,170340995,4297595,21229186,28600706,956102
CH1SP0SE1WE1BP0RE1CO0DI0WO0CS0,171267538,5322643,19515072,28258441,1060890
CH1SP1SE0WE0BP0RE1CO1DI0WO1CS0,164592801,7987966,15833115,35960791,1049911
CH0SP1SE1WE1BP1RE0CO0DI0WO0CS0,173213254,1247627,19935173,30196432,832098
CH0SP1SE1WE0BP0RE0CO1DI0WO0CS1,170625296,1746786,16509985,34823130,1719387
CH1SP1SE0WE1BP0RE0CO0DI1WO0CS1,167659140,2085705,15313938,38731164,1634637
CH1SP1SE0WE0BP1RE0CO1DI0WO1CS0,169384236,5129270,19314487,30845597,750994
CH0SP0SE0WE1BP0RE0CO0DI0WO1CS1,175196349,3085003,19654198,25679367,1809667
CH0SP0SE1WE1BP1RE0CO0DI1WO1CS0,171094440,4146277,20864153,28338913,980801
CH0SP0SE1WE1BP1RE0CO1DI0WO0CS0,174028460,2135410,23713654,24673874,873186
CH0SP1SE1WE0BP0RE1CO1DI0WO0CS1,166006021,2504028,16229619,38038671,2646245
CH1SP0SE1WE0BP0RE1CO1DI1WO0CS0,162363737,7831870,18051040,35748623,1429314
CH1SP1SE0WE0BP1RE1CO1DI1WO0CS0,158997562,4760563,17048483,43259896,1358080
CH0SP1SE1WE1BP1RE0CO0DI0WO0CS1,173058524,1189279,19658163,30247547,1271071
CH1SP0SE1WE0BP1RE1CO0DI0WO1CS1,168757406,7963513,22042428,24667960,1993277
CH1SP1SE0WE0BP0RE0CO0DI0WO0CS0,172603716,1932899,16377272,33656487,854210
CH1SP1SE0WE0BP0RE1CO1DI0WO0CS0,165962820,4677047,16050130,38030527,704060
CH1SP0SE1WE0BP0RE0CO0DI1WO1CS0,169149747,7886935,17785285,29591408,1011209
CH0SP1SE1WE0BP1RE1CO0DI0WO0CS0,169029680,2070571,19403096,33650350,1270887
CH1SP0SE0WE0BP1RE1CO1DI0WO0CS1,168303291,4984813,23399381,26433348,2303751
CH1SP0SE0WE0BP1RE0CO0DI1WO0CS1,170263258,3318168,21448467,28775291,1619400
CH0SP1SE1WE1BP0RE0CO1DI0WO0CS0,171499998,1679633,16478824,34800754,965375
CH0SP0SE0WE0BP1RE1CO0DI1WO0CS0,165960874,2656897,21310616,34242521,1253676
CH1SP1SE0WE1BP0RE1CO1DI1WO0CS0,160167486,4183853,14920345,45215950,936950
CH0SP1SE1WE1BP0RE1CO1DI1WO0CS0,160583736,2434074,14870289,46145913,1390572
CH1SP0SE0WE1BP0RE1CO0DI1WO1CS0,164798981,8586736,17949710,32626958,1462199
CH0SP0SE0WE0BP1RE1CO0DI1WO1CS0,165252580,4502773,20683086,33306846,1679299
CH1SP0SE0WE1BP0RE1CO0DI0WO1CS0,170266438,7118397,19310936,27411407,1317406
CH0SP1SE0WE1BP0RE0CO0DI0WO0CS0,173339390,1113844,16693027,33282852,995471
CH0SP1SE1WE0BP1RE1CO0DI1WO0CS0,162120850,2407527,17001781,42629856,1264570
CH0SP0SE1WE1BP1RE0CO0DI1WO0CS0,171667310,2247995,21487958,28948761,1072560
CH0SP1SE0WE1BP0RE1CO1DI0WO1CS0,167152384,3373672,16080457,37660816,1157255
CH0SP1SE1WE1BP0RE0CO0DI0WO0CS1,173069612,1325188,16574562,33121849,1333373
CH1SP1SE0WE1BP0RE0CO0DI0WO0CS1,172767824,1729685,16461186,33106324,1359565
CH0SP1SE0WE1BP0RE1CO1DI0WO0CS0,167511234,1922815,16248132,38642041,1100362
CH1SP0SE0WE0BP1RE0CO0DI1WO1CS0,169244687,6320114,20857504,28170554,831725
CH0SP1SE1WE0BP1RE1CO0DI0WO1CS0,168516974,3450613,19281283,33131020,1044694
CH1SP0SE1WE1BP1RE0CO1DI0WO1CS0,171798289,6728156,22366379,23665507,866253
CH0SP1SE0WE0BP0RE0CO0DI0WO0CS0,173037234,1159425,16538437,33846462,843026
CH0SP0SE1WE0BP0RE0CO0DI0WO1CS0,175257247,3724697,19497056,25736541,1209043
CH1SP1SE0WE1BP1RE0CO0DI0WO0CS0,172973293,1528694,19904783,30312276,705538
CH0SP0SE0WE0BP1RE1CO1DI0WO1CS0,169265149,4749265,23573012,26832407,1004751
CH1SP0SE1WE0BP1RE1CO1DI0WO0CS0,168505824,6524058,23032652,26556296,805754
CH0SP0SE0WE0BP0RE0CO0DI1WO0CS1,170862628,2114899,19191120,31638679,1617258
CH1SP0SE1WE1BP0RE1CO1DI0WO1CS0,167721868,10183802,18547972,27878880,1092062
CH0SP0SE1WE1BP0RE0CO0DI0WO1CS1,175069949,3661134,19517264,25562700,1613537
CH0SP1SE1WE0BP0RE0CO0DI0WO0CS0,172954195,1560586,16616646,33513124,780033
CH1SP1SE0WE0BP1RE0CO0DI0WO1CS1,171724696,3554263,19306753,29690775,1148097
CH1SP0SE1WE0BP0RE0CO0DI1WO0CS1,170088422,4527402,18603637,30485447,1719676
CH1SP1SE0WE0BP1RE1CO1DI0WO0CS0,165828879,4531899,19361931,34633878,1067997
CH1SP0SE1WE0BP1RE1CO0DI1WO0CS0,164910234,6396419,20703445,32236558,1177928
CH1SP0SE1WE1BP1RE0CO0DI0WO0CS0,175037132,2669530,23242498,23743252,732172
CH1SP0SE1WE1BP0RE0CO0DI0WO1CS1,173902030,5965913,19088254,25068739,1399648
CH0SP1SE1WE0BP1RE1CO1DI1WO0CS0,159634895,2628551,17127686,45003791,1029661
CH0SP1SE0WE1BP1RE0CO0DI0WO0CS1,173159394,897426,19834150,30380382,1153232
CH1SP0SE1WE1BP0RE1CO0DI1WO1CS0,164616055,9561685,17464307,32444848,1337689
CH0SP1SE0WE1BP0RE1CO0DI1WO0CS0,163040602,1834075,15019378,44282998,1247531
CH0SP0SE1WE1BP0RE0CO0DI1WO1CS0,170973598,4569412,18366934,30320540,1194100
CH0SP1SE1WE0BP0RE0CO1DI1WO0CS0,165257555,1976295,15162116,42000277,1028341
CH0SP0SE0WE0BP0RE1CO1DI0WO1CS0,169241629,5228874,19599989,29505408,1848684
CH0SP1SE1WE0BP1RE0CO1DI0WO0CS1,170777808,1586191,19593749,31809889,1656947
CH0SP1SE1WE0BP0RE1CO0DI1WO1CS0,161767624,4041811,14687890,43543719,1383540
CH0SP1SE0WE1BP0RE0CO0DI1WO0CS1,167961770,1170465,15417211,39319764,1555374
CH0SP0SE0WE1BP0RE1CO0DI1WO0CS1,166405593,2590602,18808421,35625232,1994736
CH0SP0SE1WE0BP1RE0CO0DI0WO1CS0,174878552,3240775,22881408,23503565,920284
CH1SP1SE0WE1BP1RE0CO0DI1WO0CS1,167754719,2114647,17446253,36782915,1326050
CH1SP0SE0WE0BP0RE0CO0DI0WO1CS1,173549538,5200362,19426886,25302023,1945775
CH1SP1SE0WE0BP0RE1CO0DI1WO1CS0,160694403,7282137,14787011,41400928,1260105
CH1SP1SE0WE1BP0RE1CO0DI0WO0CS0,168914426,3098857,16223679,36106687,1080935
CH0SP0SE0WE0BP0RE1CO0DI1WO0CS0,165606320,2862732,18850112,36561185,1544235
CH1SP0SE0WE0BP1RE1CO1DI0WO0CS0,168758045,5412471,23543603,26613975,1096490
CH0SP1SE0WE0BP1RE1CO1DI0WO0CS1,166202319,1986722,19540228,35084727,2610588
CH1SP0SE0WE1BP0RE1CO1DI1WO0CS0,163414227,5992897,18681886,35951265,1384309
CH1SP0SE0WE0BP1RE0CO1DI0WO0CS0,173079100,3239350,23752197,24625489,728448
CH0SP0SE1WE0BP0RE1CO0DI0WO1CS0,171246071,4995225,19103732,28690804,1388752
CH1SP0SE0WE0BP1RE1CO0DI1WO1CS0,163743929,9252445,20170912,31051242,1206056
CH0SP0SE1WE0BP1RE0CO1DI0WO0CS1,173176904,2252867,23264483,24812557,1917773
CH0SP1SE1WE1BP1RE0CO0DI1WO0CS1,168161783,1500004,17550007,37069595,1143195
CH1SP0SE1WE1BP1RE0CO0DI1WO1CS0,169762795,6785975,20309940,27434397,1131477
CH0SP0SE0WE1BP1RE0CO0DI1WO1CS0,171207222,3220210,21386068,28652806,958278
CH1SP0SE0WE0BP1RE1CO0DI0WO1CS0,169461514,7241341,22625581,25139610,956538
CH0SP1SE1WE0BP1RE0CO1DI0WO0CS0,171125177,1671125,19852100,32078251,697931
CH1SP1SE0WE0BP0RE0CO1DI1WO0CS0,164661958,3142921,15224436,41431769,963500
CH0SP0SE1WE1BP1RE0CO0DI1WO0CS1,171362713,2245550,21260835,28930878,1624608
CH1SP0SE1WE1BP0RE1CO1DI1WO0CS0,163284212,7216051,18169164,35590031,1165126
CH0SP0SE0WE0BP1RE0CO0DI0WO1CS1,174681828,2587022,22985861,23569392,1600481
CH1SP0SE0WE1BP0RE0CO0DI1WO1CS0,169766453,6501849,18291046,29671883,1193353
CH0SP0SE0WE0BP0RE1CO0DI1WO1CS0,165149542,4876760,18247286,35894303,1256693
CH0SP0SE1WE0BP1RE1CO0DI0WO0CS0,171664660,2659739,23663797,26270706,1165682
CH1SP0SE1WE1BP1RE0CO0DI0WO1CS1,173762130,5108495,22320386,23070090,1163483
CH1SP0SE1WE0BP1RE1CO0DI0WO1CS0,169219010,8309600,22080903,24948980,866091
CH0SP1SE0WE1BP0RE0CO1DI1WO0CS0,166047017,1406094,15392460,41775783,803230
CH1SP1SE0WE1BP1RE0CO1DI0WO0CS0,171143371,1958871,19874521,31614996,832825
CH0SP0SE1WE1BP0RE1CO0DI1WO0CS0,166556154,3419503,18502288,35577015,1369624
CH1SP1SE0WE1BP0RE1CO0DI1WO0CS1,162507734,3533628,14942441,42780968,1659813
CH0SP1SE1WE0BP1RE0CO0DI0WO1CS1,172265691,2423700,19223812,29916374,1595007
CH0SP1SE1WE1BP0RE1CO0DI0WO1CS0,169162380,3298076,15961960,35913997,1088171
CH1SP1SE0WE1BP1RE0CO1DI0WO0CS1,171065095,1756947,19574175,31555592,1472775
CH0SP1SE1WE1BP0RE1CO0DI0WO0CS0,169413677,2076361,16189951,36592940,1151655
CH0SP1SE1WE1BP0RE1CO0DI1WO0CS1,162884392,2253126,14936764,43688991,1661311
CH1SP1SE0WE0BP0RE0CO0DI0WO1CS1,171531377,4039046,16225006,31994295,1634860
CH1SP0SE1WE0BP0RE0CO1DI1WO0CS0,167963988,5706231,18547268,31993578,1213519
CH1SP0SE1WE1BP0RE0CO1DI1WO0CS0,168624227,5233364,18562717,31879857,1124419
CH0SP0SE0WE0BP0RE0CO0DI0WO1CS0,175245857,3203552,19901678,26066087,1007410
CH0SP1SE1WE1BP0RE1CO0DI1WO0CS0,162957981,2237986,15004916,44198232,1025469
CH1SP1SE0WE0BP0RE1CO1DI0WO0CS1,165607250,3945548,16190895,37387073,2293818
CH0SP0SE1WE0BP0RE1CO1DI0WO1CS0,169057523,5893994,19095915,29866999,1510153
CH0SP0SE0WE1BP1RE0CO1DI0WO0CS1,173891470,1543669,23843157,24698938,1447350
CH1SP1SE0WE0BP0RE1CO0DI0WO0CS0,168015238,4102995,16238496,36191709,876146
CH0SP1SE1WE0BP0RE0CO1DI0WO0CS0,171074180,1795728,16397515,35141909,1015252
CH0SP1SE1WE1BP1RE0CO0DI1WO1CS0,167918562,2815190,17177306,36616127,897399
CH0SP0SE0WE0BP1RE0CO1DI0WO0CS0,173960617,1791375,23925643,24806427,940522
CH1SP0SE1WE1BP0RE0CO0DI1WO1CS0,169606945,7398703,17945373,29505466,968097
CH0SP1SE0WE0BP0RE1CO0DI1WO0CS1,161814124,2073350,15161683,44220424,2155003
CH1SP0SE1WE1BP1RE0CO0DI1WO0CS1,170569630,3739877,20983889,28468342,1662846
CH0SP1SE0WE0BP1RE1CO0DI0WO1CS0,168775529,3024822,19427472,33139822,1056939
CH1SP0SE1WE0BP1RE1CO0DI1WO1CS0,163647162,9934221,19793596,30863691,1185914
CH1SP1SE0WE0BP1RE0CO1DI1WO0CS0,164651737,3169414,17505468,39401090,696875
CH0SP1SE0WE0BP0RE0CO0DI1WO0CS1,167479289,1337537,15377093,39676644,1554021
CH1SP0SE1WE1BP0RE1CO1DI0WO0CS0,169124353,6353962,19328086,29373462,1244721
CH0SP0SE1WE0BP1RE1CO0DI0WO1CS0,171163946,4377730,23061434,25694065,1127409
CH1SP0SE1WE1BP0RE1CO1DI0WO0CS1,168906232,6121376,19530918,28566013,2300045
CH1SP1SE0WE0BP0RE1CO0DI1WO0CS0,161631526,4337062,14913117,43380844,1162035
CH0SP0SE1WE1BP1RE0CO0DI0WO1CS0,175046571,3206985,23067935,23355641,747452
CH1SP1SE0WE1BP0RE1CO1DI0WO0CS0,166687406,3927179,16147646,37833607,828746
CH0SP1SE0WE1BP0RE0CO1DI0WO1CS0,171317752,2473786,16505272,34425585,702189
CH0SP1SE1WE0BP1RE1CO1DI0WO0CS1,166287282,2235296,19228854,35113830,2559322
CH1SP0SE1WE1BP0RE1CO0DI0WO1CS0,169965541,8270504,18793788,27140863,1253888
CH0SP1SE1WE0BP0RE1CO1DI0WO0CS0,166744684,2520073,16038276,38800924,1320627
CH0SP0SE0WE0BP1RE0CO0DI0WO0CS1,175070812,1321924,23510051,23819883,1701914
CH1SP0SE0WE0BP1RE0CO1DI1WO0CS0,168146850,4582468,21644545,30197143,853578
CH0SP0SE0WE1BP0RE0CO0DI1WO1CS0,171103879,3668656,18617811,31005913,1028325
CH1SP0SE0WE1BP1RE0CO1DI1WO0CS0,168925319,3979081,21586284,30197911,735989
CH0SP0SE1WE0BP1RE1CO0DI1WO0CS1,165504777,3148532,20989704,33214902,2566669
CH0SP1SE0WE1BP0RE0CO0DI0WO1CS0,172992242,2185434,16462238,32752159,1032511
CH0SP0SE1WE0BP0RE0CO0DI1WO0CS0,171221498,2621528,18816569,31650666,1114323
CH0SP0SE1WE1BP0RE0CO1DI0WO0CS0,174257224,2549165,20313117,27188775,1116303
CH1SP0SE0WE0BP1RE1CO0DI1WO0CS0,165159779,5488525,20914193,32553013,1309074
CH0SP0SE0WE1BP0RE1CO0DI1WO0CS0,166494123,2668608,18836113,35836742,1588998
CH1SP0SE0WE1BP1RE0CO1DI0WO0CS0,173453546,2713206,23809184,24635935,812713
CH1SP1SE0WE1BP1RE0CO0DI1WO0CS0,167883345,1935999,17500332,37041011,1063897
CH0SP1SE1WE0BP1RE0CO0DI0WO1CS0,172657982,2488047,19601907,29918866,757782
CH0SP0SE0WE1BP0RE1CO0DI0WO1CS0,171812828,3937897,19612157,28761234,1300468
CH1SP0SE1WE0BP1RE1CO1DI1WO0CS0,162449932,7478880,20555889,33549889,1389994
CH0SP0SE1WE0BP0RE0CO0DI0WO0CS1,175058802,2171242,20198590,25939540,2056410
CH1SP1SE0WE0BP1RE0CO0DI0WO0CS1,172363422,1645250,19657851,30287258,1470803
CH1SP1SE0WE0BP1RE0CO1DI0WO0CS1,170317571,2288762,19566101,31902987,1349163
CH1SP0SE0WE0BP0RE0CO1DI0WO0CS1,172677661,3654745,20231889,26973819,1886470
CH0SP1SE0WE0BP0RE0CO0DI0WO0CS1,172557175,1143787,16479092,33654465,1590065
CH1SP0SE0WE1BP0RE0CO1DI0WO1CS0,172210180,6471514,19477023,26264467,1001400
CH1SP0SE1WE0BP0RE1CO0DI1WO1CS0,163729567,10275739,17442324,32350098,1626856
CH0SP1SE1WE0BP0RE0CO0DI0WO1CS1,172407654,2805540,16311659,32261416,1638315
CH1SP1SE0WE1BP0RE1CO1DI0WO1CS0,165686975,6762251,15944384,36213232,817742
CH1SP0SE0WE1BP0RE1CO0DI1WO0CS0,165998869,5169617,18608221,34312289,1335588
CH0SP1SE0WE0BP0RE1CO0DI0WO0CS0,168944425,1828790,16363050,37123002,1165317
CH0SP1SE0WE0BP0RE0CO1DI1WO0CS0,165283928,1600703,15340868,41925520,1273565
CH0SP1SE0WE1BP0RE1CO0DI0WO1CS0,169148922,2823568,16235058,36020188,1196848
CH0SP0SE1WE1BP0RE1CO1DI0WO0CS0,170455778,3430836,19899843,30382299,1255828
CH1SP0SE0WE0BP1RE0CO0DI0WO0CS0,174847361,2349076,23567715,23937232,723200
CH0SP1SE0WE0BP0RE1CO1DI0WO1CS0,166540919,3631557,16134498,38100287,1017323
CH0SP0SE1WE0BP0RE1CO0DI0WO0CS0,171792794,2990405,19934182,28921075,1786128
CH0SP1SE1WE0BP0RE1CO0DI0WO1CS1,167922719,3660886,15794939,35652749,2393291
CH1SP1SE0WE1BP0RE0CO1DI0WO0CS0,171054379,2257589,16544427,34819051,749138
CH1SP0SE0WE1BP0RE1CO1DI0WO1CS0,167981232,9052283,19075493,28174885,1140691
CH1SP1SE0WE1BP0RE1CO1DI0WO0CS1,166541410,3228299,16162225,37536667,1955983
CH0SP1SE1WE1BP0RE0CO0DI0WO1CS1,172839872,2548242,16104841,32792185,1139444
CH1SP0SE0WE1BP1RE0CO1DI0WO0CS1,173298605,2553041,23468016,24572933,1531989
CH1SP0SE0WE0BP0RE1CO0DI1WO1CS0,163768383,9637111,17759911,33017273,1241906
CH0SP0SE1WE0BP1RE1CO0DI1WO0CS0,165812864,3178001,21198189,33859894,1375636
CH1SP0SE1WE1BP1RE0CO0DI0WO0CS1,174911181,2548815,23235583,23545606,1183399
CH0SP1SE0WE0BP1RE1CO1DI1WO0CS0,159610699,2197179,17313818,45196447,1106441
CH1SP1SE0WE0BP0RE0CO0DI1WO0CS1,166962141,2720815,15226326,39113116,1402186
CH0SP1SE1WE0BP0RE1CO1DI1WO0CS0,159534180,2708749,14851770,47286410,1043475
CH0SP0SE0WE0BP1RE1CO1DI0WO0CS1,169227551,2494602,23954984,27215448,2531999
CH0SP0SE1WE0BP0RE1CO1DI1WO0CS0,163258461,3966915,18430407,38073902,1694899
CH1SP1SE0WE0BP0RE0CO1DI0WO0CS0,170578137,2696616,16523725,34762993,863113
CH0SP1SE1WE0BP0RE1CO0DI0WO0CS1,168279799,2165566,15996498,36503658,2479063
CH0SP0SE0WE0BP0RE1CO1DI0WO0CS1,169031305,2816443,20139672,30226562,3210602
CH0SP0SE1WE1BP0RE0CO0DI0WO1CS0,175390914,3559467,19644964,25697699,1131540
CH1SP1SE0WE1BP1RE0CO0DI1WO1CS0,166988039,4484900,17407795,35782559,761291
CH1SP1SE0WE1BP0RE0CO0DI0WO0CS0,173015563,1796883,16523329,33176012,912797
CH0SP1SE1WE1BP1RE0CO1DI1WO0CS0,166021007,1787028,17477774,38927374,1211401
CH0SP0SE1WE0BP1RE0CO0DI0WO0CS1,175014097,1872763,23542284,23782740,1212700
CH1SP0SE0WE0BP0RE0CO0DI0WO0CS0,175105921,2884560,20175576,26116618,1141909
CH1SP0SE0WE1BP0RE1CO1DI0WO0CS0,169457856,5263419,19875896,29650447,1176966
CH0SP0SE1WE0BP1RE1CO0DI0WO0CS1,170940281,2502690,23489387,26007000,2485226
CH1SP0SE1WE0BP1RE1CO0DI0WO0CS0,170630519,5133329,23293759,25479956,887021
CH0SP0SE0WE0BP1RE1CO0DI0WO0CS0,171883959,2211575,24010310,26175246,1143494
CH0SP0SE0WE1BP1RE0CO0DI1WO0CS1,171509097,1752771,21587596,28969046,1606074
CH1SP0SE1WE1BP1RE0CO1DI0WO0CS0,173322492,3455554,23700091,24220041,726406
CH0SP1SE0WE0BP0RE1CO1DI1WO0CS0,159456120,2288164,14944871,47688564,1046865
CH0SP1SE0WE1BP0RE0CO0DI1WO1CS0,167842374,2431492,15093303,38917863,1139552
CH1SP0SE0WE0BP0RE0CO0DI1WO1CS0,169195201,6846031,18164812,30009253,1209287
CH0SP1SE0WE0BP0RE1CO0DI0WO0CS1,168391213,1829478,16330338,36652637,2220918
CH1SP1SE0WE0BP1RE1CO0DI1WO0CS1,161398641,3749937,16928366,41242638,2105002
CH0SP1SE1WE0BP0RE1CO0DI0WO0CS0,168951531,2227632,16104188,36760392,1380841
CH1SP0SE1WE0BP1RE0CO0DI0WO1CS1,173308237,5364075,22106072,23169724,1476476
CH0SP0SE0WE0BP0RE1CO0DI1WO0CS1,165334752,2844150,18785468,35642358,2817856
CH0SP1SE0WE0BP0RE0CO1DI0WO0CS0,171063238,1344038,16586275,35201829,1229204
CH1SP1SE0WE0BP1RE0CO0DI0WO1CS0,171834651,3696036,19402170,29699536,792191
CH0SP1SE0WE0BP1RE0CO0DI1WO0CS1,167583056,1280238,17560233,37558228,1442829
CH0SP0SE1WE1BP0RE0CO1DI1WO0CS0,169579940,3040721,18959370,32797756,1046797
CH1SP0SE1WE1BP0RE1CO0DI0WO0CS1,171044692,4992324,19552161,27852845,1982562
CH0SP1SE1WE0BP0RE0CO0DI1WO1CS0,167496299,3098555,14966824,38775884,1087022
CH0SP1SE1WE0BP0RE0CO0DI0WO0CS1,172706161,1466105,16432403,33263813,1556102
CH0SP1SE0WE1BP0RE0CO0DI0WO0CS1,172977970,1063602,16663005,33349876,1370131
CH0SP1SE1WE1BP1RE0CO0DI0WO1CS1,172833227,2422332,19385773,29641613,1141639
CH0SP0SE1WE0BP1RE0CO0DI0WO0CS0,175477842,1765688,23898710,23707505,574839
CH0SP1SE0WE1BP0RE1CO0DI1WO1CS0,162606580,3131004,14836650,43573092,1277258
CH1SP0SE1WE1BP1RE0CO0DI0WO1CS0,173953711,5087570,22466224,23213730,703349
CH0SP1SE1WE1BP0RE1CO1DI0WO0CS0,167583241,2326035,16140977,38450806,923525
CH0SP0SE0WE0BP1RE0CO1DI0WO0CS1,173291888,1692685,23589522,24895785,1954704
CH1SP0SE1WE0BP0RE1CO0DI0WO1CS0,169337842,8986586,18755888,27214495,1129773
CH1SP0SE1WE0BP0RE1CO1DI0WO1CS0,166942242,11003983,18442064,27693598,1342697
CH0SP0SE0WE0BP0RE1CO0DI0WO0CS0,171691926,2485444,20141036,29324093,1782085
CH1SP0SE0WE1BP1RE0CO0DI1WO1CS0,169885141,5771584,20701561,27995268,1071030
CH0SP1SE0WE0BP1RE1CO1DI0WO0CS0,166977113,2075622,20053465,35610171,708213
CH0SP1SE1WE0BP1RE0CO1DI0WO1CS0,170830451,3023641,19467319,31377716,725457
CH0SP1SE1WE0BP1RE0CO0DI0WO0CS0,173079278,1277618,19664165,30494155,909368
CH0SP0SE1WE0BP0RE1CO1DI0WO0CS0,169811121,3710070,19813728,30377647,1712018
CH0SP0SE1WE1BP0RE1CO0DI0WO0CS0,172294116,2743375,19845735,29090628,1450730
CH0SP1SE0WE0BP1RE0CO0DI0WO0CS0,173116805,1046822,19987261,30476678,797018
CH0SP1SE0WE1BP1RE0CO1DI0WO1CS0,171203526,2496044,19645930,31253724,825360
CH0SP1SE0WE0BP0RE0CO1DI0WO1CS0,170740082,2681385,16399864,34815442,787811
CH0SP0SE0WE1BP1RE0CO0DI1WO0CS0,171538250,1812813,21713270,29079405,1280846
CH1SP0SE0WE0BP0RE0CO0DI1WO0CS1,170096809,3666496,18931515,30920209,1809555
CH0SP0SE0WE1BP0RE0CO0DI0WO0CS0,175789491,1658252,20403286,26231994,1341561
CH0SP1SE0WE0BP0RE1CO0DI1WO1CS0,161734001,3462566,14901975,44160659,1165383
CH0SP1SE1WE0BP0RE1CO0DI1WO0CS0,162233121,2489251,14917859,44675114,1109239
CH0SP0SE0WE1BP1RE0CO1DI1WO0CS0,169790929,2204945,22100391,30445044,883275
CH0SP0SE0WE1BP1RE0CO0DI0WO0CS0,175734294,1250675,23944725,23757380,737510
CH0SP0SE1WE1BP0RE1CO0DI0WO1CS0,171837770,4622293,19159500,28484572,1320449
CH1SP0SE0WE1BP1RE0CO0DI1WO0CS1,170921678,2867266,21571410,28785065,1279165
CH0SP0SE0WE1BP0RE0CO1DI0WO1CS0,173666387,3861991,19966113,26710608,1219485
CH1SP0SE0WE0BP1RE0CO1DI0WO0CS1,172581406,3105892,23541447,24616576,1579263
CH0SP0SE1WE0BP1RE0CO1DI0WO1CS0,173035477,4360990,22904241,24305075,818801
CH0SP0SE1WE0BP0RE0CO0DI1WO0CS1,170773817,2592202,18813910,31455681,1788974
CH0SP0SE0WE0BP1RE0CO0DI1WO0CS0,171260495,1945624,21705860,29421951,1090654
CH0SP1SE1WE0BP0RE0CO0DI0WO1CS0,172683341,2689932,16242364,32782561,1026386
CH1SP0SE1WE1BP0RE1CO0DI0WO1CS1,169808963,8010694,18719375,26884706,2000846
CH0SP0SE0WE0BP0RE1CO0DI0WO1CS1,170467862,4061145,19508271,28229690,3157616
CH0SP1SE1WE1BP1RE0CO0DI0WO1CS0,173028231,2553972,19659457,29540793,642131
CH1SP0SE1WE0BP1RE0CO1DI0WO1CS0,171301301,7249420,22331853,23709490,832520
CH0SP1SE1WE1BP0RE0CO0DI1WO0CS1,168042189,1600237,15200987,39394666,1186505
CH0SP0SE0WE0BP0RE0CO0DI1WO1CS0,170811071,3678690,18657007,31152997,1124819
CH0SP1SE1WE1BP0RE0CO1DI0WO0CS1,171362526,1609231,16513043,34621025,1318759
CH0SP0SE1WE1BP1RE0CO1DI0WO1CS0,173509754,3990221,23211316,23963466,749827
CH0SP0SE1WE0BP0RE0CO1DI0WO0CS1,173196525,2621456,20178440,27099908,2328255
CH0SP1SE1WE1BP0RE1CO0DI0WO1CS1,168872254,3320124,15867774,35649586,1714846
CH1SP0SE1WE1BP0RE0CO0DI1WO0CS0,170614058,4759529,18676554,30409535,964908
CH0SP0SE1WE1BP0RE0CO0DI1WO0CS0,171464602,2517471,18856927,31475995,1109589
CH0SP1SE0WE0BP0RE0CO0DI0WO1CS0,172769886,2173304,16335035,33016932,1129427
CH1SP0SE1WE1BP1RE0CO1DI0WO0CS1,173044930,3303826,23366032,24335396,1374400
CH1SP0SE0WE1BP0RE1CO0DI0WO1CS1,169991058,6970273,19265363,27118655,2079235
CH1SP1SE0WE1BP0RE0CO0DI0WO1CS0,172074207,3824828,16329092,32335301,861156
CH0SP0SE0WE0BP0RE1CO1DI1WO0CS0,163253757,3371931,18914012,38629530,1255354
CH1SP0SE1WE0BP0RE1CO1DI0WO0CS1,167965614,6635511,19261137,28742727,2819595
CH0SP1SE0WE0BP1RE1CO0DI0WO0CS1,168330809,1596472,19367328,33654353,2475622
CH0SP1SE1WE0BP1RE1CO1DI0WO1CS0,166526066,4188533,19285598,34460965,963422
CH0SP0SE1WE0BP1RE1CO0DI0WO1CS1,170299707,4320489,22530484,25447667,2826237
CH0SP0SE1WE1BP1RE0CO1DI0WO0CS1,173932488,1990792,23802115,24558082,1141107
CH1SP0SE0WE0BP0RE1CO0DI1WO0CS1,164781390,5493110,18490214,34308918,2350952
CH1SP1SE0WE0BP1RE1CO0DI1WO1CS0,160821083,7214976,16856288,39442143,1090094
CH0SP1SE1WE1BP1RE0CO1DI0WO0CS0,171489675,1515667,20081183,31661628,676431
CH1SP1SE0WE0BP0RE1CO0DI0WO1CS0,167061029,6549240,15917862,34773397,1123056
CH1SP1SE0WE0BP0RE1CO0DI0WO1CS1,166735966,6370513,15843201,34776288,1698616
CH0SP0SE1WE1BP0RE1CO0DI1WO1CS0,166152766,5217753,17874693,34629513,1549859
CH0SP1SE0WE0BP1RE0CO0DI0WO1CS1,172453102,2015016,19609373,30072476,1274617
CH1SP0SE1WE0BP0RE0CO0DI1WO0CS0,170239591,4712231,18606972,30775281,1090509
CH1SP1SE0WE0BP1RE1CO1DI0WO1CS0,164740974,7704995,19145984,32974148,858483
CH1SP1SE0WE0BP1RE0CO1DI0WO0CS0,170650404,2422722,19663990,31984358,703110
CH1SP0SE1WE0BP0RE1CO0DI0WO0CS1,170060481,5577406,19412784,27673439,2700474
CH0SP1SE0WE1BP1RE0CO0DI0WO0CS0,173220500,990020,19995402,30556818,661844
CH1SP0SE1WE0BP1RE0CO1DI0WO0CS1,172349376,3963530,22984688,24441237,1685753
CH1SP0SE1WE0BP0RE0CO0DI0WO1CS1,173536097,5831909,19048973,25216248,1791357
CH0SP1SE1WE0BP0RE0CO1DI0WO1CS0,170724216,3318760,16108378,34504956,768274
CH0SP1SE0WE0BP0RE1CO0DI1WO0CS0,162184512,2168089,15091132,44823616,1157235
CH1SP0SE0WE0BP1RE0CO0DI0WO1CS0,173706879,4685614,22917313,23288538,826240
CH1SP1SE0WE0BP1RE0CO0DI1WO0CS1,167226034,2181086,17448511,37141776,1427177
CH0SP1SE0WE0BP0RE1CO0DI0WO1CS1,167931109,3156820,16145997,35825375,2365283
CH0SP1SE0WE1BP1RE0CO0DI0WO1CS0,173039236,1934786,19791815,29786174,872573
CH1SP1SE0WE0BP1RE1CO0DI0WO0CS1,167806386,3275834,19198199,33041784,2102381
CH0SP0SE0WE0BP0RE0CO1DI0WO0CS0,174092344,2054753,20514875,27501576,1261036
CH0SP0SE0WE1BP1RE0CO1DI0WO0CS0,174347930,1492999,24127494,24694203,761958
CH0SP0SE0WE1BP1RE0CO0DI0WO1CS0,175187600,2461870,23347760,23562957,864397
CH0SP1SE1WE0BP1RE0CO0DI0WO0CS1,172785229,1309185,19670624,30162291,1497255
CH1SP0SE0WE0BP0RE0CO1DI0WO1CS0,171558118,7304523,19326842,26075890,1159211
CH1SP1SE0WE1BP0RE0CO1DI0WO1CS0,170177819,4622609,16326763,33356949,940444
CH0SP1SE0WE0BP0RE0CO0DI1WO1CS0,167447670,2545774,15147296,39338910,944934
CH1SP0SE0WE0BP1RE1CO0DI0WO0CS0,170704267,4516264,23463992,25702540,1037521
CH1SP1SE0WE0BP0RE1CO1DI1WO0CS0,158868417,4963334,14886011,45495517,1211305
CH1SP0SE0WE1BP0RE0CO0DI0WO0CS1,175241282,2289923,20261325,26101274,1530780
CH0SP0SE0WE0BP0RE1CO1DI0WO0CS0,169928684,2936046,20080356,30840503,1638995
CH0SP1SE1WE1BP0RE0CO0DI0WO0CS0,173242515,1438904,16480314,33473956,788895
CH1SP0SE1WE0BP0RE1CO0DI0WO0CS0,170637222,5869557,19415908,28199509,1302388
CH1SP1SE0WE0BP0RE0CO0DI1WO0CS0,167163590,2735286,15325086,39534563,666059
CH0SP1SE1WE1BP1RE0CO1DI0WO1CS0,171153325,2921627,19591277,31021894,736461
CH0SP1SE1WE1BP1RE0CO0DI1WO0CS0,168261637,1633810,17565575,37232751,730811
CH0SP0SE0WE1BP0RE1CO1DI0WO0CS0,170518964,2735274,20230674,30525885,1413787
CH0SP1SE0WE0BP1RE1CO0DI0WO1CS1,168115568,2959668,19133510,33151022,2064816
CH0SP1SE0WE1BP0RE1CO0DI0WO0CS1,169090641,1619900,16349148,36439644,1925251
CH0SP0SE0WE0BP1RE0CO0DI0WO1CS0,175006254,2607966,23576683,23493180,740501
CH1SP0SE1WE1BP0RE0CO1DI0WO0CS0,173256062,4286377,19912586,26881466,1088093
CH1SP0SE1WE0BP0RE1CO1DI0WO0CS0,168469045,7044287,19488444,29063037,1359771
CH0SP1SE0WE1BP0RE1CO0DI0WO0CS0,169509501,1734463,16361128,36793882,1025610
CH1SP0SE0WE1BP1RE0CO0DI0WO1CS1,173988057,4182547,22977952,23228577,1047451
CH0SP0SE0WE1BP0RE0CO1DI0WO0CS1,174025962,1950446,20567854,27398780,1481542
CH0SP0SE0WE1BP0RE1CO1DI1WO0CS0,164263375,3053383,18924471,37534905,1648450
CH0SP0SE0WE1BP0RE1CO0DI0WO0CS0,172307509,2308241,20040291,29406549,1361994
CH0SP0SE1WE0BP1RE1CO1DI0WO0CS0,169957677,3129452,23558478,27420805,1358172
CH1SP0SE0WE1BP1RE0CO0DI0WO1CS0,174000120,4269725,22900882,23375583,878274
CH0SP0SE1WE1BP0RE1CO1DI1WO0CS0,164013899,3812581,18627176,37508388,1462540
CH0SP0SE0WE1BP1RE0CO0DI0WO1CS1,175126889,2415374,23095011,23437421,1349889
CH0SP1SE1WE1BP1RE0CO1DI0WO0CS1,171249089,1445272,19721216,31831329,1177678
CH1SP1SE0WE1BP1RE0CO0DI0WO0CS1,172799923,1378035,19790368,30084682,1371576
CH0SP0SE1WE1BP0RE1CO0DI0WO0CS1,171950318,2770297,19751982,28530317,2421670
CH0SP0SE0WE0BP1RE0CO1DI1WO0CS0,169115736,2301070,21732457,31091374,1183947
CH1SP1SE0WE0BP1RE0CO0DI0WO0CS0,172661512,1851764,19783490,30335783,792035
CH1SP0SE0WE0BP1RE0CO0DI0WO1CS1,173454091,4471884,22886354,23357664,1254591
CH1SP0SE0WE1BP0RE0CO1DI1WO0CS0,168804439,4310653,19045551,32447633,816308
CH0SP0SE1WE1BP0RE0CO0DI1WO0CS1,171277995,2658633,18824577,30971464,1691915
CH0SP1SE1WE0BP1RE1CO0DI0WO0CS1,168467489,1972117,19446926,33213775,2324277
CH1SP0SE0WE0BP1RE1CO1DI0WO1CS0,167073398,9445123,22546366,25619001,740696
CH1SP0SE0WE0BP0RE1CO1DI0WO1CS0,166942584,9997504,19000331,27956089,1528076
CH0SP0SE0WE1BP0RE0CO1DI1WO0CS0,169557274,2426605,19093432,33332751,1014522
CH0SP0SE1WE0BP0RE0CO0DI1WO1CS0,170739464,4570732,18251653,30694488,1168247
CH1SP0SE0WE1BP1RE0CO1DI0WO1CS0,172098110,5662161,23040243,23838440,785630
CH0SP0SE1WE0BP0RE1CO0DI1WO1CS0,165266648,5548095,17863734,35164518,1581589
CH1SP1SE0WE1BP1RE0CO0DI0WO1CS0,172268141,3360103,19537168,29663344,595828
CH1SP1SE0WE0BP1RE0CO0DI1WO0CS0,167409492,2323345,17532428,37316535,842784
CH0SP1SE0WE1BP1RE0CO0DI1WO1CS0,167994479,2309600,17633812,36755940,730753
CH1SP0SE0WE1BP0RE1CO0DI0WO0CS1,171247317,3816587,19959337,28214355,2186988
CH1SP0SE1WE1BP0RE0CO0DI1WO0CS1,170511155,4548189,18400315,30354671,1610254
CH0SP0SE1WE0BP0RE0CO1DI0WO0CS0,173835388,2758953,20234795,27556402,1039046
CH1SP0SE1WE0BP1RE0CO0DI0WO0CS1,174506406,2631017,22974822,23756067,1556272
CH0SP1SE0WE0BP1RE0CO1DI0WO0CS0,171193381,1381414,20001064,32218645,630080
CH0SP0SE0WE1BP0RE1CO0DI0WO1CS1,171437735,3782691,19646709,28391307,2166142
CH1SP0SE0WE1BP0RE0CO1DI0WO0CS0,173607096,3382901,20392049,27071160,971378
CH0SP1SE1WE1BP0RE0CO0DI1WO0CS0,168061053,1650878,15247423,39343480,1121750
CH1SP0SE0WE0BP1RE1CO1DI1WO0CS0,162507639,6423484,20983138,34261748,1248575
CH1SP0SE0WE1BP0RE0CO0DI0WO1CS1,174147696,4760876,19640970,25271982,1603060
CH1SP1SE0WE0BP1RE1CO0DI0WO1CS1,166864094,6109397,18916374,31890356,1644363
CH0SP0SE0WE0BP0RE0CO1DI0WO1CS0,173269554,4045587,19962764,26812226,1334453
CH1SP0SE1WE1BP0RE0CO0DI0WO1CS0,174216179,5757551,19185418,25154426,1111010
CH0SP1SE1WE0BP1RE0CO0DI1WO0CS0,167785977,1714613,17374446,37547210,1002338
CH0SP1SE0WE1BP0RE1CO0DI1WO0CS1,162866861,1854007,15221424,43851210,1631082
CH1SP0SE0WE1BP0RE1CO0DI1WO0CS1,165798074,4853686,18525411,34396927,1850486
CH0SP0SE0WE0BP0RE0CO1DI1WO0CS0,169045945,2495493,19284894,33395497,1202755
CH0SP0SE1WE1BP0RE0CO1DI0WO1CS0,173750788,4585999,19491970,26436941,1158886
CH0SP0SE1WE0BP0RE1CO0DI1WO0CS1,165244954,3548584,18451994,35415604,2763448
CH1SP0SE1WE0BP1RE0CO0DI0WO1CS0,173450820,5629403,22263779,23105117,975465
CH0SP1SE0WE0BP1RE0CO0DI0WO0CS1,172840693,997437,19774366,30439959,1372129
CH0SP0SE1WE0BP1RE0CO1DI0WO0CS0,173823145,2241616,23576068,24861917,921838
CH1SP0SE0WE0BP1RE0CO0DI0WO0CS1,174568577,2127901,23279782,23847570,1600754
CH1SP0SE1WE0BP0RE0CO0DI0WO0CS0,174789004,3767542,19743584,25972990,1151464
CH0SP0SE0WE0BP1RE0CO0DI0WO0CS0,175472052,1360106,24021884,23941389,629153
CH0SP1SE0WE1BP1RE0CO0DI1WO0CS0,168323881,1205889,17540712,37249794,1104308
CH0SP0SE0WE0BP0RE1CO0DI0WO1CS0,171204315,4196287,19590226,28732834,1700922
CH1SP0SE0WE0BP0RE1CO0DI0WO0CS0,170793140,4928961,19808810,28456804,1436869
CH0SP1SE1WE0BP1RE1CO0DI1WO1CS0,161820817,3988797,16872293,41707411,1035266
CH0SP1SE1WE0BP1RE0CO0DI1WO1CS0,167413636,2903988,17297937,36675407,1133616
CH0SP0SE1WE0BP0RE1CO0DI1WO0CS0,165715327,3455002,18430360,36261903,1561992
CH0SP1SE1WE1BP0RE0CO0DI0WO1CS0,172884242,2701576,16317266,32649235,872265
CH1SP0SE0WE0BP0RE1CO0DI0WO1CS0,169409422,8091532,19184836,27445790,1293004
CH0SP0SE1WE0BP0RE0CO0DI0WO1CS1,174721984,3663638,19503233,25603618,1932111
CH1SP0SE0WE1BP0RE0CO0DI1WO0CS0,170801656,3671430,18909212,30950386,1091900
CH1SP0SE1WE0BP1RE0CO0DI1WO1CS0,169106585,7355257,20186832,27741497,1034413
CH1SP1SE0WE1BP1RE0CO1DI1WO0CS0,165484701,2640678,17448716,38785502,1064987
CH0SP1SE0WE0BP0RE0CO0DI1WO0CS0,167896107,1386609,15431630,39942910,767328
CH1SP0SE1WE0BP1RE0CO0DI1WO0CS1,170266105,3854616,21117614,28618484,1567765
CH0SP1SE0WE1BP1RE0CO0DI1WO0CS1,168153747,1281810,17643395,37018525,1327107
CH0SP1SE1WE0BP0RE0CO0DI1WO0CS0,167759153,1736152,15234733,39579444,1115102
CH0SP0SE0WE0BP1RE1CO0DI0WO1CS0,171320288,3705518,23489317,25786279,1123182
CH0SP0SE0WE0BP1RE1CO1DI1WO0CS0,163407880,3115080,21443633,36073444,1384547
CH0SP0SE1WE0BP1RE1CO1DI0WO1CS0,169234187,5406224,22781463,26587349,1415361
CH0SP0SE0WE1BP0RE0CO0DI1WO0CS0,171482803,2095873,19080098,31572641,1193169
CH0SP0SE0WE0BP1RE1CO0DI0WO1CS1,170430025,3669932,22965769,25632524,2726334
