,stock_C,stock_E,stock_N,stock_P,stock_S,total_emissions
CH0SP0SE0WE0BP0RE0CO0DI0WO0CS0,110316117.0,1580696.0,12936938.0,13483558.0,1231243.0,1409587851763.8406
CH0SP0SE0WE0BP0RE0CO0DI0WO0CS1,109870629.0,1617640.0,12918444.0,13312396.0,1829443.0,1409943962596.7568
CH0SP0SE0WE0BP0RE0CO0DI0WO1CS0,109895224.0,3173387.0,12438540.0,13082043.0,959358.0,1408021517249.9077
CH0SP0SE0WE0BP0RE0CO0DI0WO1CS1,109450141.0,2962202.0,12396586.0,12792877.0,1946746.0,1410312304010.0151
CH0SP0SE0WE0BP0RE0CO0DI1WO0CS0,106228779.0,2143874.0,11804095.0,18080633.0,1291171.0,1385397253214.4014
CH0SP0SE0WE0BP0RE0CO0DI1WO0CS1,105923922.0,2081834.0,11838541.0,18137799.0,1566456.0,1384271737531.7935
CH0SP0SE0WE0BP0RE0CO0DI1WO1CS0,105887089.0,3647437.0,11336490.0,17601625.0,1075911.0,1383665790490.9456
CH0SP0SE0WE0BP0RE0CO1DI0WO0CS0,108703318.0,2023520.0,13051426.0,14557550.0,1212738.0,1392098751077.7502
CH0SP0SE0WE0BP0RE0CO1DI0WO0CS1,107999875.0,2023821.0,13043338.0,14337164.0,2144354.0,1393076227662.3042
CH0SP0SE0WE0BP0RE0CO1DI0WO1CS0,107930726.0,4015354.0,12483750.0,13836656.0,1282066.0,1390039749083.9902
CH0SP0SE0WE0BP0RE0CO1DI1WO0CS0,104124383.0,2464689.0,11929584.0,19875895.0,1154001.0,1363249139915.827
CH0SP0SE0WE0BP0RE1CO0DI0WO0CS0,106341561.0,2454353.0,12688318.0,16331256.0,1733064.0,1382839908546.523
CH0SP0SE0WE0BP0RE1CO0DI0WO0CS1,105608948.0,2462493.0,12583815.0,15784888.0,3108408.0,1386497514705.5593
CH0SP0SE0WE0BP0RE1CO0DI0WO1CS0,105870624.0,4161789.0,12131447.0,15734400.0,1650292.0,1381571952886.9531
CH0SP0SE0WE0BP0RE1CO0DI0WO1CS1,105106536.0,4028783.0,12078747.0,15229747.0,3104739.0,1385158277077.4072
CH0SP0SE0WE0BP0RE1CO0DI1WO0CS0,100708287.0,2831675.0,11516140.0,22998214.0,1494236.0,1343862678913.4182
CH0SP0SE0WE0BP0RE1CO0DI1WO0CS1,100415151.0,2812330.0,11459559.0,22093579.0,2767933.0,1349794396309.0288
CH0SP0SE0WE0BP0RE1CO0DI1WO1CS0,100244345.0,4843520.0,10919654.0,22334379.0,1206654.0,1342053461114.4312
CH0SP0SE0WE0BP0RE1CO1DI0WO0CS0,104553887.0,2906195.0,12663605.0,17836585.0,1588280.0,1365560640894.5808
CH0SP0SE0WE0BP0RE1CO1DI0WO0CS1,103694200.0,2785131.0,12703584.0,17202626.0,3163011.0,1368867883611.5312
CH0SP0SE0WE0BP0RE1CO1DI0WO1CS0,103841692.0,5196264.0,12105799.0,16608866.0,1795931.0,1364314609773.4336
CH0SP0SE0WE0BP0RE1CO1DI1WO0CS0,98320555.0,3341954.0,11550051.0,25128605.0,1207387.0,1321223960243.6396
CH0SP0SE0WE0BP1RE0CO0DI0WO0CS0,110109894.0,1330391.0,16572057.0,10956546.0,579664.0,1388700129633.6787
CH0SP0SE0WE0BP1RE0CO0DI0WO0CS1,109681362.0,1288339.0,16061883.0,10865316.0,1651652.0,1393797998668.641
CH0SP0SE0WE0BP1RE0CO0DI0WO1CS0,109647049.0,2575861.0,16072468.0,10563018.0,690156.0,1388380124378.1013
CH0SP0SE0WE0BP1RE0CO0DI0WO1CS1,109291702.0,2554460.0,15555629.0,10594373.0,1552388.0,1393231000211.9067
CH0SP0SE0WE0BP1RE0CO0DI1WO0CS0,106338928.0,1913710.0,14396624.0,15860321.0,1038969.0,1373081759721.374
CH0SP0SE0WE0BP1RE0CO0DI1WO0CS1,106036219.0,1776772.0,14306878.0,15706887.0,1721796.0,1375292158856.7915
CH0SP0SE0WE0BP1RE0CO0DI1WO1CS0,105931131.0,3421843.0,13896057.0,15247736.0,1051785.0,1373139575234.657
CH0SP0SE0WE0BP1RE0CO1DI0WO0CS0,108555243.0,1760037.0,16472323.0,11870478.0,890471.0,1374728803508.157
CH0SP0SE0WE0BP1RE0CO1DI0WO0CS1,107896480.0,1661085.0,16155651.0,11932583.0,1902753.0,1377331514746.9084
CH0SP0SE0WE0BP1RE0CO1DI0WO1CS0,107818326.0,3535088.0,15912605.0,11380750.0,901783.0,1372048440688.3306
CH0SP0SE0WE0BP1RE0CO1DI1WO0CS0,104216518.0,2268637.0,14430149.0,17499042.0,1134206.0,1353145739126.513
CH0SP0SE0WE0BP1RE1CO0DI0WO0CS0,106471487.0,2180540.0,16554384.0,13248597.0,1093544.0,1363741337896.1614
CH0SP0SE0WE0BP1RE1CO0DI0WO0CS1,105666233.0,1949226.0,16087545.0,13056680.0,2788868.0,1370152427960.8625
CH0SP0SE0WE0BP1RE1CO0DI0WO1CS0,105916531.0,3674189.0,15989698.0,12895447.0,1072687.0,1362102750451.8154
CH0SP0SE0WE0BP1RE1CO0DI0WO1CS1,105050933.0,3639358.0,15540457.0,12641521.0,2676283.0,1367103638927.916
CH0SP0SE0WE0BP1RE1CO0DI1WO0CS0,100995727.0,2625980.0,14027105.0,20695148.0,1204592.0,1333600088933.8445
CH0SP0SE0WE0BP1RE1CO0DI1WO0CS1,100615714.0,2527890.0,13959572.0,20035985.0,2409391.0,1338295452474.8867
CH0SP0SE0WE0BP1RE1CO0DI1WO1CS0,100365853.0,4472912.0,13368332.0,19712767.0,1628688.0,1334947046542.4448
CH0SP0SE0WE0BP1RE1CO1DI0WO0CS0,104699538.0,2569345.0,16558647.0,14634789.0,1086233.0,1347024765115.0923
CH0SP0SE0WE0BP1RE1CO1DI0WO0CS1,103854914.0,2462709.0,16499728.0,14248354.0,2482847.0,1349560829446.6372
CH0SP0SE0WE0BP1RE1CO1DI0WO1CS0,103886523.0,4717821.0,16065331.0,13923136.0,955741.0,1343353594388.3203
CH0SP0SE0WE0BP1RE1CO1DI1WO0CS0,98495829.0,3084983.0,14096692.0,22535675.0,1335373.0,1312156474966.5693
CH0SP0SE0WE1BP0RE0CO0DI0WO0CS0,110429079.0,1626607.0,12943456.0,13261027.0,1288383.0,1260378825940.7744
CH0SP0SE0WE1BP0RE0CO0DI0WO0CS1,110238946.0,1545242.0,12940684.0,13113122.0,1710558.0,1260961549774.9214
CH0SP0SE0WE1BP0RE0CO0DI0WO1CS0,110018372.0,2977147.0,12520825.0,12964410.0,1067798.0,1258263745405.4565
CH0SP0SE0WE1BP0RE0CO0DI0WO1CS1,109797070.0,3051819.0,12278098.0,12666045.0,1755520.0,1261449740044.059
CH0SP0SE0WE1BP0RE0CO0DI1WO0CS0,106589941.0,2063410.0,11773306.0,17977407.0,1144488.0,1241855471303.5364
CH0SP0SE0WE1BP0RE0CO0DI1WO0CS1,106430430.0,1992759.0,11777583.0,17601364.0,1746416.0,1243596703122.4692
CH0SP0SE0WE1BP0RE0CO0DI1WO1CS0,106198827.0,3636481.0,11307800.0,17424417.0,981027.0,1240693820982.4229
CH0SP0SE0WE1BP0RE0CO1DI0WO0CS0,108891539.0,1942892.0,13143027.0,14435248.0,1135846.0,1265319445879.0186
CH0SP0SE0WE1BP0RE0CO1DI0WO0CS1,108657287.0,1917530.0,13088022.0,14453940.0,1431773.0,1265405069947.8955
CH0SP0SE0WE1BP0RE0CO1DI0WO1CS0,108305912.0,3830634.0,12509569.0,13734337.0,1168100.0,1263737974236.2231
CH0SP0SE0WE1BP0RE0CO1DI1WO0CS0,104614490.0,2393569.0,11801567.0,19773293.0,965633.0,1242562217241.6453
CH0SP0SE0WE1BP0RE1CO0DI0WO0CS0,106932946.0,2277626.0,12630126.0,16395829.0,1312025.0,1242702310032.769
CH0SP0SE0WE1BP0RE1CO0DI0WO0CS1,106636419.0,2093503.0,12637897.0,15764012.0,2416721.0,1245520273839.9958
CH0SP0SE0WE1BP0RE1CO0DI0WO1CS0,106456115.0,3908296.0,12155849.0,15776632.0,1251660.0,1240988257079.774
CH0SP0SE0WE1BP0RE1CO0DI0WO1CS1,106097081.0,3751417.0,12177486.0,15408726.0,2113842.0,1242417162830.1272
CH0SP0SE0WE1BP0RE1CO0DI1WO0CS0,101570658.0,2637853.0,11515549.0,22288684.0,1535808.0,1215975107305.3896
CH0SP0SE0WE1BP0RE1CO0DI1WO0CS1,101477098.0,2559685.0,11507778.0,22060912.0,1943079.0,1217433600355.7727
CH0SP0SE0WE1BP0RE1CO0DI1WO1CS0,101071695.0,4453560.0,11046974.0,21570812.0,1405511.0,1213846608015.2314
CH0SP0SE0WE1BP0RE1CO1DI0WO0CS0,105127649.0,2703338.0,12769082.0,17584616.0,1363867.0,1248049849526.8098
CH0SP0SE0WE1BP0RE1CO1DI0WO0CS1,104616950.0,2612864.0,12833033.0,16972210.0,2513495.0,1249347899312.7307
CH0SP0SE0WE1BP0RE1CO1DI0WO1CS0,104557198.0,4714205.0,12188541.0,16823173.0,1265435.0,1245314412568.6472
CH0SP0SE0WE1BP0RE1CO1DI1WO0CS0,99305497.0,3021779.0,11596277.0,24029620.0,1595379.0,1215140681812.5454
CH0SP0SE0WE1BP1RE0CO0DI0WO0CS0,110357483.0,1219166.0,16492191.0,10794705.0,685007.0,1242326111952.6824
CH0SP0SE0WE1BP1RE0CO0DI0WO0CS1,110031380.0,1173201.0,16056309.0,10757334.0,1530328.0,1246033911848.4045
CH0SP0SE0WE1BP1RE0CO0DI0WO1CS0,109829600.0,2431548.0,15892402.0,10583955.0,811047.0,1242354998179.0605
CH0SP0SE0WE1BP1RE0CO0DI0WO1CS1,109716823.0,2385670.0,15645586.0,10501796.0,1298677.0,1244512507734.3276
CH0SP0SE0WE1BP1RE0CO0DI1WO0CS0,106636237.0,1781165.0,14393061.0,15507304.0,1230785.0,1231496829481.057
CH0SP0SE0WE1BP1RE0CO0DI1WO0CS1,106582526.0,1720298.0,14283281.0,15408507.0,1553940.0,1232992638841.3406
CH0SP0SE0WE1BP1RE0CO0DI1WO1CS0,106311120.0,3187684.0,14069565.0,15070095.0,910088.0,1229340864919.5952
CH0SP0SE0WE1BP1RE0CO1DI0WO0CS0,108934693.0,1462042.0,16674686.0,11765617.0,711514.0,1249288829383.6436
CH0SP0SE0WE1BP1RE0CO1DI0WO0CS1,108533080.0,1514603.0,16392758.0,11709556.0,1398555.0,1250939872774.9124
CH0SP0SE0WE1BP1RE0CO1DI0WO1CS0,108117725.0,3242062.0,15960820.0,11273056.0,954889.0,1247656565085.2292
CH0SP0SE0WE1BP1RE0CO1DI1WO0CS0,104849268.0,2175179.0,14756074.0,16935367.0,832664.0,1231159419739.938
CH0SP0SE1WE0BP0RE0CO0DI0WO0CS0,110320356.0,2124610.0,12765945.0,13462735.0,874906.0,1408641303800.049
CH0SP0SE1WE0BP0RE0CO0DI0WO0CS1,109715963.0,2140057.0,12698770.0,12987189.0,2006573.0,1411430624326.417
CH0SP0SE1WE0BP0RE0CO0DI0WO1CS0,109868298.0,3693098.0,12059027.0,12766187.0,1161942.0,1410456679610.189
CH0SP0SE1WE0BP0RE0CO0DI0WO1CS1,109363751.0,3631181.0,12053284.0,12616494.0,1883842.0,1411445312799.58
CH0SP0SE1WE0BP0RE0CO0DI1WO0CS0,106262497.0,2590390.0,11513656.0,18120370.0,1061639.0,1385765317272.8228
CH0SP0SE1WE0BP0RE0CO0DI1WO0CS1,105854957.0,2561726.0,11503765.0,17886529.0,1741575.0,1386977253418.9617
CH0SP0SE1WE0BP0RE0CO0DI1WO1CS0,105789024.0,4538224.0,10917814.0,17185457.0,1118033.0,1385532009698.274
CH0SP0SE1WE0BP0RE0CO1DI0WO0CS0,108510212.0,2728389.0,12756585.0,14565642.0,987724.0,1391836954506.9253
CH0SP0SE1WE0BP0RE0CO1DI0WO0CS1,107826360.0,2590317.0,12725389.0,14129818.0,2276668.0,1394602928522.8467
CH0SP0SE1WE0BP0RE0CO1DI0WO1CS0,107943531.0,4922296.0,11877292.0,13694984.0,1110449.0,1392607426196.559
CH0SP0SE1WE0BP0RE0CO1DI1WO0CS0,104033329.0,3291953.0,11573690.0,19431221.0,1218359.0,1365371326863.3303
CH0SP0SE1WE0BP0RE1CO0DI0WO0CS0,106408120.0,2958472.0,12432797.0,16014347.0,1734816.0,1385080303585.2512
CH0SP0SE1WE0BP0RE1CO0DI0WO0CS1,105567170.0,2951707.0,12342721.0,15690341.0,2996613.0,1386890321254.9375
CH0SP0SE1WE0BP0RE1CO0DI0WO1CS0,105831010.0,4963672.0,11667632.0,15748738.0,1337500.0,1382126484150.7017
CH0SP0SE1WE0BP0RE1CO0DI0WO1CS1,105037000.0,4746668.0,11669885.0,15160211.0,2934788.0,1385621749148.559
CH0SP0SE1WE0BP0RE1CO0DI1WO0CS0,100749005.0,3426442.0,11134225.0,22727961.0,1510919.0,1346849046999.8042
CH0SP0SE1WE0BP0RE1CO0DI1WO0CS1,100316434.0,3517645.0,11135395.0,21865292.0,2713786.0,1350968540634.2144
CH0SP0SE1WE0BP0RE1CO0DI1WO1CS0,100338801.0,5518439.0,10532302.0,21625697.0,1533313.0,1347112300557.0718
CH0SP0SE1WE0BP0RE1CO1DI0WO0CS0,104452980.0,3678003.0,12363305.0,17394676.0,1659588.0,1367407469949.822
CH0SP0SE1WE0BP0RE1CO1DI0WO0CS1,103563349.0,3457763.0,12363588.0,16711260.0,3452592.0,1371656110642.6875
CH0SP0SE1WE0BP0RE1CO1DI0WO1CS0,103714135.0,5862624.0,11631825.0,16879158.0,1460810.0,1363919979512.9358
CH0SP0SE1WE0BP0RE1CO1DI1WO0CS0,98313801.0,3938698.0,11139148.0,24514993.0,1641912.0,1326123787723.5312
CH0SP0SE1WE0BP1RE0CO0DI0WO0CS0,110096815.0,1736114.0,16388090.0,10798586.0,528947.0,1389383451179.683
CH0SP0SE1WE0BP1RE0CO0DI0WO0CS1,109668114.0,1840650.0,16091996.0,10786826.0,1160966.0,1391718700020.5264
CH0SP0SE1WE0BP1RE0CO0DI0WO1CS0,109504803.0,3208960.0,15438842.0,10525294.0,870653.0,1391828577326.6738
CH0SP0SE1WE0BP1RE0CO0DI0WO1CS1,109075941.0,3263479.0,15085856.0,10419926.0,1703350.0,1394542196597.7534
CH0SP0SE1WE0BP1RE0CO0DI1WO0CS0,106353750.0,2418622.0,14198007.0,15622157.0,956016.0,1374148299186.537
CH0SP0SE1WE0BP1RE0CO0DI1WO0CS1,106036655.0,2251988.0,14089025.0,15547006.0,1623878.0,1375688917984.472
CH0SP0SE1WE0BP1RE0CO0DI1WO1CS0,105882993.0,4035676.0,13444570.0,14999979.0,1185334.0,1375421157473.1318
CH0SP0SE1WE0BP1RE0CO1DI0WO0CS0,108440901.0,2210040.0,16159141.0,11866713.0,871757.0,1375734100599.0127
CH0SP0SE1WE0BP1RE0CO1DI0WO0CS1,107758586.0,2221284.0,15863006.0,11839248.0,1866428.0,1378079153911.3052
CH0SP0SE1WE0BP1RE0CO1DI0WO1CS0,107695486.0,4330550.0,15460386.0,11296678.0,765452.0,1372889706509.9421
CH0SP0SE1WE0BP1RE0CO1DI1WO0CS0,104199122.0,2929293.0,14134180.0,17199318.0,1086639.0,1354758840979.1423
CH0SP0SE1WE0BP1RE1CO0DI0WO0CS0,106354055.0,2628685.0,16217442.0,13234934.0,1113436.0,1364908075760.4111
CH0SP0SE1WE0BP1RE1CO0DI0WO0CS1,105563552.0,2472560.0,16037035.0,13039837.0,2435568.0,1367488416088.556
CH0SP0SE1WE0BP1RE1CO0DI0WO1CS0,105798722.0,4346240.0,15602021.0,12724976.0,1076593.0,1363406526867.4624
CH0SP0SE1WE0BP1RE1CO0DI0WO1CS1,104939380.0,4290137.0,15097539.0,12444173.0,2777323.0,1369276373149.4968
CH0SP0SE1WE0BP1RE1CO0DI1WO0CS0,100902697.0,3147558.0,13834251.0,20339363.0,1324683.0,1335147498705.463
CH0SP0SE1WE0BP1RE1CO0DI1WO0CS1,100576837.0,3118095.0,13640263.0,19699815.0,2513542.0,1340576830410.71
CH0SP0SE1WE0BP1RE1CO0DI1WO1CS0,100339184.0,5199415.0,13029809.0,19680128.0,1300016.0,1334658302160.607
CH0SP0SE1WE0BP1RE1CO1DI0WO0CS0,104580621.0,3096317.0,16126295.0,14437149.0,1308170.0,1349875413242.5273
CH0SP0SE1WE0BP1RE1CO1DI0WO0CS1,103749005.0,2876077.0,15918847.0,14026766.0,2977857.0,1354816622279.8657
CH0SP0SE1WE0BP1RE1CO1DI0WO1CS0,103851508.0,5374392.0,15326668.0,13631375.0,1364609.0,1348475849016.1047
CH0SP0SE1WE0BP1RE1CO1DI1WO0CS0,98432730.0,3733831.0,13722882.0,22398777.0,1260332.0,1313879562471.485
CH0SP0SE1WE1BP0RE0CO0DI0WO0CS0,110427214.0,2096297.0,12606883.0,13513333.0,904825.0,1259990015160.5872
CH0SP0SE1WE1BP0RE0CO0DI0WO0CS1,110139418.0,2072299.0,12703400.0,12815763.0,1817672.0,1262145147868.039
CH0SP0SE1WE1BP0RE0CO0DI0WO1CS0,110028630.0,3530103.0,12163044.0,12743760.0,1083015.0,1260031187738.4868
CH0SP0SE1WE1BP0RE0CO0DI0WO1CS1,109727825.0,3630795.0,12058870.0,12568012.0,1563050.0,1260928858016.907
CH0SP0SE1WE1BP0RE0CO0DI1WO0CS0,106556401.0,2485706.0,11542734.0,17906721.0,1056990.0,1242448264652.247
CH0SP0SE1WE1BP0RE0CO0DI1WO0CS1,106345741.0,2627038.0,11509911.0,17421507.0,1644355.0,1244195696317.6655
CH0SP0SE1WE1BP0RE0CO0DI1WO1CS0,106077290.0,4536314.0,10975872.0,16815512.0,1143564.0,1242081353666.9375
CH0SP0SE1WE1BP0RE0CO1DI0WO0CS0,108866626.0,2519838.0,12847628.0,14249917.0,1064543.0,1266412477105.8433
CH0SP0SE1WE1BP0RE0CO1DI0WO0CS1,108533395.0,2507746.0,12832156.0,14055330.0,1619925.0,1266939978227.4438
CH0SP0SE1WE1BP0RE0CO1DI0WO1CS0,108335611.0,4555051.0,12056096.0,13496950.0,1104844.0,1265441406376.7888
CH0SP0SE1WE1BP0RE0CO1DI1WO0CS0,104636623.0,3008902.0,11614252.0,19292833.0,995942.0,1243419944496.0571
CH0SP0SE1WE1BP0RE1CO0DI0WO0CS0,106910379.0,2712270.0,12407688.0,16117854.0,1400361.0,1244163000099.3103
CH0SP0SE1WE1BP0RE1CO0DI0WO0CS1,106545042.0,2739629.0,12331451.0,15562177.0,2370253.0,1246299981469.3655
CH0SP0SE1WE1BP0RE1CO0DI0WO1CS0,106445369.0,4590768.0,11729927.0,15510246.0,1272242.0,1242831992952.8872
CH0SP0SE1WE1BP0RE1CO0DI0WO1CS1,106012142.0,4567859.0,11712743.0,15122636.0,2133172.0,1244297631423.8953
CH0SP0SE1WE1BP0RE1CO0DI1WO0CS0,101611328.0,3387304.0,11173180.0,22057009.0,1319731.0,1217279163485.223
CH0SP0SE1WE1BP0RE1CO0DI1WO0CS1,101263400.0,3272028.0,11185844.0,21819861.0,2007419.0,1217935315215.8425
CH0SP0SE1WE1BP0RE1CO0DI1WO1CS0,101193791.0,5187830.0,10559756.0,21106581.0,1500594.0,1217905284707.2183
CH0SP0SE1WE1BP0RE1CO1DI0WO0CS0,105076139.0,3399358.0,12450182.0,17418160.0,1204713.0,1248241386091.2441
CH0SP0SE1WE1BP0RE1CO1DI0WO0CS1,104593825.0,3278923.0,12483713.0,16604217.0,2587874.0,1251305125340.2253
CH0SP0SE1WE1BP0RE1CO1DI0WO1CS0,104551949.0,5438041.0,11775114.0,16440612.0,1342836.0,1247197970032.312
CH0SP0SE1WE1BP0RE1CO1DI1WO0CS0,99140417.0,3781565.0,11265521.0,23948335.0,1412714.0,1214856243273.7498
CH0SP0SE1WE1BP1RE0CO0DI0WO0CS0,110198736.0,1701761.0,16221546.0,10787214.0,639295.0,1242638188127.04
CH0SP0SE1WE1BP1RE0CO0DI0WO0CS1,110016826.0,1542858.0,16023717.0,10679098.0,1286053.0,1244986502551.9194
CH0SP0SE1WE1BP1RE0CO0DI0WO1CS0,109700256.0,3175399.0,15602794.0,10373127.0,696976.0,1242266343182.745
CH0SP0SE1WE1BP1RE0CO0DI0WO1CS1,109599465.0,3010316.0,15472852.0,10445111.0,1020808.0,1243639871882.5981
CH0SP0SE1WE1BP1RE0CO0DI1WO0CS0,106706797.0,2216125.0,14187335.0,15416374.0,1021921.0,1232387375944.8145
CH0SP0SE1WE1BP1RE0CO0DI1WO0CS1,106450303.0,2212975.0,13986743.0,15325261.0,1573270.0,1234222219495.056
CH0SP0SE1WE1BP1RE0CO0DI1WO1CS0,106185661.0,4116745.0,13566244.0,14751480.0,928422.0,1231002134862.561
CH0SP0SE1WE1BP1RE0CO1DI0WO0CS0,108666713.0,2102334.0,16279447.0,11672387.0,827671.0,1250044794354.809
CH0SP0SE1WE1BP1RE0CO1DI0WO0CS1,108532448.0,1960618.0,16330895.0,11634905.0,1089686.0,1249738969023.2437
CH0SP0SE1WE1BP1RE0CO1DI0WO1CS0,108120781.0,3959153.0,15719163.0,11049905.0,699550.0,1247114179303.2424
CH0SP0SE1WE1BP1RE0CO1DI1WO0CS0,104845338.0,2625015.0,14412693.0,16812598.0,852908.0,1232874320023.648
CH0SP1SE0WE0BP0RE0CO0DI0WO0CS0,107659088.0,1126467.0,9085744.0,20886829.0,790424.0,1400451654923.9695
CH0SP1SE0WE0BP0RE0CO0DI0WO0CS1,107236729.0,1110494.0,9046463.0,20614469.0,1540397.0,1402242290368.4292
CH0SP1SE0WE0BP0RE0CO0DI0WO1CS0,107408043.0,2142923.0,8893908.0,20026970.0,1076708.0,1401657873619.271
CH0SP1SE0WE0BP0RE0CO0DI0WO1CS1,107174381.0,2165968.0,8936818.0,19862187.0,1409198.0,1402000460342.1677
CH0SP1SE0WE0BP0RE0CO0DI1WO0CS0,102924876.0,1354650.0,8096174.0,26455453.0,717399.0,1367879320810.259
CH0SP1SE0WE0BP0RE0CO0DI1WO0CS1,102559560.0,1304115.0,8027975.0,26154568.0,1502334.0,1369994252731.6953
CH0SP1SE0WE0BP0RE0CO0DI1WO1CS0,102543243.0,2515784.0,7845552.0,25750083.0,893890.0,1367689238783.4624
CH0SP1SE0WE0BP0RE0CO1DI0WO0CS0,105708497.0,1315315.0,9112169.0,22231429.0,1181142.0,1382517469441.2017
CH0SP1SE0WE0BP0RE0CO1DI0WO0CS1,105345402.0,1313158.0,9066725.0,22236956.0,1586311.0,1382869294800.7532
CH0SP1SE0WE0BP0RE0CO1DI0WO1CS0,105422265.0,2651343.0,8924632.0,21814130.0,736182.0,1379307171727.8477
CH0SP1SE0WE0BP0RE0CO1DI1WO0CS0,100340722.0,1566575.0,8003345.0,28415882.0,1222028.0,1346567709051.0837
CH0SP1SE0WE0BP0RE1CO0DI0WO0CS0,103557840.0,1796427.0,8887948.0,24189353.0,1116984.0,1371025847049.8682
CH0SP1SE0WE0BP0RE1CO0DI0WO0CS1,102984154.0,1797316.0,8859290.0,23736475.0,2171317.0,1373810540292.2114
CH0SP1SE0WE0BP0RE1CO0DI0WO1CS0,103135175.0,3210660.0,8627296.0,23434091.0,1141330.0,1369557737862.6748
CH0SP1SE0WE0BP0RE1CO0DI0WO1CS1,102539645.0,3125321.0,8658279.0,22911553.0,2313754.0,1372232622852.3843
CH0SP1SE0WE0BP0RE1CO0DI1WO0CS0,97233331.0,2137946.0,7785726.0,31285918.0,1105631.0,1327020983817.3303
CH0SP1SE0WE0BP0RE1CO0DI1WO0CS1,96932652.0,2044241.0,7822459.0,30644441.0,2104759.0,1330350433631.527
CH0SP1SE0WE0BP0RE1CO0DI1WO1CS0,96826810.0,3431569.0,7565936.0,30610209.0,1114028.0,1325148915971.7314
CH0SP1SE0WE0BP0RE1CO1DI0WO0CS0,101370936.0,2141396.0,8810057.0,26134153.0,1092010.0,1350897750727.5117
CH0SP1SE0WE0BP0RE1CO1DI0WO0CS1,100824631.0,2009047.0,8813915.0,25675988.0,2224971.0,1353808208087.593
CH0SP1SE0WE0BP0RE1CO1DI0WO1CS0,101149256.0,3602207.0,8648603.0,25179051.0,969435.0,1349659708011.4966
CH0SP1SE0WE0BP0RE1CO1DI1WO0CS0,94551396.0,2255245.0,7678460.0,34064245.0,999206.0,1302229039476.4668
CH0SP1SE0WE0BP1RE0CO0DI0WO0CS0,107727677.0,1015365.0,12512099.0,17548468.0,744943.0,1386201548206.1533
CH0SP1SE0WE0BP1RE0CO0DI0WO0CS1,107451164.0,966210.0,12313284.0,17496299.0,1321595.0,1388288441909.5698
CH0SP1SE0WE0BP1RE0CO0DI0WO1CS0,107369585.0,2175323.0,12256417.0,16935737.0,811490.0,1385395918839.2798
CH0SP1SE0WE0BP1RE0CO0DI0WO1CS1,107106344.0,1983294.0,12147852.0,17087284.0,1223778.0,1386744578405.282
CH0SP1SE0WE0BP1RE0CO0DI1WO0CS0,102886807.0,1257510.0,10233069.0,24022850.0,1148316.0,1360981779418.713
CH0SP1SE0WE0BP1RE0CO0DI1WO0CS1,102672844.0,1250538.0,10231341.0,24000141.0,1393688.0,1360812981932.7385
CH0SP1SE0WE0BP1RE0CO0DI1WO1CS0,102640308.0,2443919.0,10098349.0,23309230.0,1056746.0,1359683051292.81
CH0SP1SE0WE0BP1RE0CO1DI0WO0CS0,105845317.0,1348386.0,12548280.0,19229367.0,577202.0,1365512980841.4219
CH0SP1SE0WE0BP1RE0CO1DI0WO0CS1,105399115.0,1218468.0,12296698.0,19155750.0,1478521.0,1368603289030.5852
CH0SP1SE0WE0BP1RE0CO1DI0WO1CS0,105452742.0,2577541.0,12232531.0,18547783.0,737955.0,1365546720631.4644
CH0SP1SE0WE0BP1RE0CO1DI1WO0CS0,100426027.0,1560681.0,10240600.0,26327596.0,993648.0,1336121405087.6863
CH0SP1SE0WE0BP1RE1CO0DI0WO0CS0,103628034.0,1728628.0,12119121.0,20871526.0,1201243.0,1358439816388.9565
CH0SP1SE0WE0BP1RE1CO0DI0WO0CS1,102970733.0,1567104.0,11947006.0,20638826.0,2424883.0,1361919512577.3635
CH0SP1SE0WE0BP1RE1CO0DI0WO1CS0,103356889.0,2996102.0,11980897.0,20206301.0,1008363.0,1356301557349.1772
CH0SP1SE0WE0BP1RE1CO0DI0WO1CS1,102739723.0,2927770.0,11742166.0,20125218.0,2013675.0,1359036749672.627
CH0SP1SE0WE0BP1RE1CO0DI1WO0CS0,97314327.0,1954793.0,9860888.0,29224397.0,1194147.0,1318775208771.4143
CH0SP1SE0WE0BP1RE1CO0DI1WO0CS1,97043953.0,1864800.0,9867881.0,28730648.0,2041270.0,1321689189364.9668
CH0SP1SE0WE0BP1RE1CO0DI1WO1CS0,96900638.0,3436893.0,9717067.0,28534158.0,959796.0,1315500086301.068
CH0SP1SE0WE0BP1RE1CO1DI0WO0CS0,101625096.0,2045876.0,12575115.0,22643835.0,658630.0,1334479347986.433
CH0SP1SE0WE0BP1RE1CO1DI0WO0CS1,100833829.0,1955230.0,12052160.0,22145209.0,2562124.0,1341969803197.3745
CH0SP1SE0WE0BP1RE1CO1DI0WO1CS0,101130898.0,3597627.0,11933452.0,21689593.0,1196982.0,1337202109110.1157
CH0SP1SE0WE0BP1RE1CO1DI1WO0CS0,94696022.0,2165869.0,9941761.0,31689677.0,1055223.0,1293690796299.3545
CH0SP1SE0WE1BP0RE0CO0DI0WO0CS0,107948785.0,1083836.0,9199707.0,20371605.0,944619.0,1256550298462.9382
CH0SP1SE0WE1BP0RE0CO0DI0WO0CS1,107666861.0,1033667.0,9176243.0,20350410.0,1321371.0,1256127741808.7285
CH0SP1SE0WE1BP0RE0CO0DI0WO1CS0,107625804.0,2155790.0,8989805.0,19795363.0,981790.0,1255443630635.9614
CH0SP1SE0WE1BP0RE0CO0DI0WO1CS1,107267025.0,2131636.0,8962240.0,19734852.0,1452799.0,1255994849832.588
CH0SP1SE0WE1BP0RE0CO0DI1WO0CS0,103199278.0,1293110.0,8038155.0,26117758.0,900251.0,1232060051426.479
CH0SP1SE0WE1BP0RE0CO0DI1WO0CS1,103079026.0,1140009.0,8075268.0,25749695.0,1504554.0,1233712786252.0024
CH0SP1SE0WE1BP0RE0CO0DI1WO1CS0,102922284.0,2399859.0,7808329.0,25328764.0,1089316.0,1232554557757.1272
CH0SP1SE0WE1BP0RE0CO1DI0WO0CS0,106124014.0,1185080.0,9102757.0,22201319.0,935382.0,1256765061206.2573
CH0SP1SE0WE1BP0RE0CO1DI0WO0CS1,105913666.0,1079260.0,9152231.0,22055786.0,1347609.0,1257664512934.0383
CH0SP1SE0WE1BP0RE0CO1DI0WO1CS0,105898530.0,2443545.0,9032608.0,21520814.0,653055.0,1254407141419.9595
CH0SP1SE0WE1BP0RE0CO1DI1WO0CS0,101105103.0,1374519.0,8059836.0,28254487.0,754607.0,1226555047572.1821
CH0SP1SE0WE1BP0RE1CO0DI0WO0CS0,104120226.0,1701342.0,8909652.0,23843947.0,973385.0,1236338924276.4749
CH0SP1SE0WE1BP0RE1CO0DI0WO0CS1,103735991.0,1588313.0,8885311.0,23463358.0,1875579.0,1237752823179.3337
CH0SP1SE0WE1BP0RE1CO0DI0WO1CS0,103766197.0,2793291.0,8730199.0,23112072.0,1146793.0,1235587553524.0894
CH0SP1SE0WE1BP0RE1CO0DI0WO1CS1,103478440.0,2757860.0,8683175.0,22772571.0,1856506.0,1237352696068.4045
CH0SP1SE0WE1BP0RE1CO0DI1WO0CS0,98119932.0,1804107.0,7741422.0,30686185.0,1196906.0,1205253585601.566
CH0SP1SE0WE1BP0RE1CO0DI1WO0CS1,97972845.0,1821701.0,7861890.0,30312414.0,1579702.0,1205426292824.6147
CH0SP1SE0WE1BP0RE1CO0DI1WO1CS0,97705091.0,3099939.0,7565245.0,29950864.0,1227413.0,1204034158500.0425
CH0SP1SE0WE1BP0RE1CO1DI0WO0CS0,102131696.0,1890069.0,8817447.0,25656571.0,1052769.0,1236597537641.1914
CH0SP1SE0WE1BP0RE1CO1DI0WO0CS1,101764704.0,1795139.0,8866321.0,25490619.0,1631769.0,1236798165811.7993
CH0SP1SE0WE1BP0RE1CO1DI0WO1CS0,101769169.0,3342343.0,8626311.0,24706560.0,1104169.0,1235378750982.3562
CH0SP1SE0WE1BP0RE1CO1DI1WO0CS0,95550001.0,2001546.0,7745934.0,33053940.0,1197131.0,1197555436884.0342
CH0SP1SE0WE1BP1RE0CO0DI0WO0CS0,107887154.0,960069.0,12569632.0,17523768.0,607929.0,1240757052526.7612
CH0SP1SE0WE1BP1RE0CO0DI0WO0CS1,107795466.0,866396.0,12389331.0,17397310.0,1100049.0,1243221896867.2134
CH0SP1SE0WE1BP1RE0CO0DI0WO1CS0,107624018.0,1903969.0,12287012.0,16910818.0,822735.0,1241458872753.0715
CH0SP1SE0WE1BP1RE0CO0DI0WO1CS1,107476838.0,1839478.0,12134793.0,17035349.0,1062094.0,1242078577605.1992
CH0SP1SE0WE1BP1RE0CO0DI1WO0CS0,103384103.0,1175038.0,10248753.0,23686999.0,1053659.0,1224646115984.6836
CH0SP1SE0WE1BP1RE0CO0DI1WO0CS1,103204434.0,1250238.0,10309463.0,23507617.0,1276800.0,1224191566559.037
CH0SP1SE0WE1BP1RE0CO0DI1WO1CS0,103073747.0,2276451.0,10299471.0,23218508.0,680375.0,1221359777887.5647
CH0SP1SE0WE1BP1RE0CO1DI0WO0CS0,106148731.0,1130306.0,12479351.0,19054364.0,735800.0,1243161638317.1182
CH0SP1SE0WE1BP1RE0CO1DI0WO0CS1,106021278.0,1029528.0,12317630.0,19084659.0,1095457.0,1244568276626.2466
CH0SP1SE0WE1BP1RE0CO1DI0WO1CS0,105818058.0,2465560.0,12202040.0,18287475.0,775419.0,1242119036655.6714
CH0SP1SE0WE1BP1RE0CO1DI1WO0CS0,101107030.0,1309227.0,10297316.0,25810800.0,1024179.0,1218641110554.9026
CH0SP1SE1WE0BP0RE0CO0DI0WO0CS0,107604041.0,1527761.0,9087298.0,20598879.0,730573.0,1399924391361.1782
CH0SP1SE1WE0BP0RE0CO0DI0WO0CS1,107314872.0,1434834.0,8973159.0,20323691.0,1501996.0,1403249403534.7036
CH0SP1SE1WE0BP0RE0CO0DI0WO1CS0,107313324.0,2658530.0,8776654.0,19822977.0,977067.0,1401407450939.9243
CH0SP1SE1WE0BP0RE0CO0DI0WO1CS1,107002867.0,2773847.0,8799959.0,19384038.0,1587841.0,1402392779550.6794
CH0SP1SE1WE0BP0RE0CO0DI1WO0CS0,102828022.0,1702485.0,7898418.0,26053753.0,1065874.0,1370403835243.692
CH0SP1SE1WE0BP0RE0CO0DI1WO0CS1,102666348.0,1698787.0,7889080.0,25893603.0,1400734.0,1371494137552.9788
CH0SP1SE1WE0BP0RE0CO0DI1WO1CS0,102556914.0,3066339.0,7653303.0,25235219.0,1036777.0,1369796219823.7559
CH0SP1SE1WE0BP0RE0CO1DI0WO0CS0,105726599.0,1765253.0,8945641.0,22145327.0,965732.0,1382650155985.1948
CH0SP1SE1WE0BP0RE0CO1DI0WO0CS1,105256911.0,1715735.0,9016799.0,21891911.0,1667196.0,1383187197333.3774
CH0SP1SE1WE0BP0RE0CO1DI0WO1CS0,105354911.0,3288049.0,8665294.0,21527040.0,713258.0,1380197373517.186
CH0SP1SE1WE0BP0RE0CO1DI1WO0CS0,100338112.0,1943647.0,7838731.0,28448889.0,979173.0,1346125342376.7173
CH0SP1SE1WE0BP0RE1CO0DI0WO0CS0,103545958.0,2196694.0,8661827.0,23810924.0,1333149.0,1373891659268.0986
CH0SP1SE1WE0BP0RE1CO0DI0WO0CS1,102928404.0,2133554.0,8602043.0,23454802.0,2429749.0,1376474149086.2505
CH0SP1SE1WE0BP0RE1CO0DI0WO1CS0,103224221.0,3623911.0,8461772.0,23217759.0,1020889.0,1370611418578.8613
CH0SP1SE1WE0BP0RE1CO0DI0WO1CS1,102522010.0,3630960.0,8380582.0,22672278.0,2342722.0,1373611834125.896
CH0SP1SE1WE0BP0RE1CO0DI1WO0CS0,97289226.0,2459360.0,7627406.0,31114769.0,1057791.0,1327928148892.4553
CH0SP1SE1WE0BP0RE1CO0DI1WO0CS1,96995899.0,2367989.0,7671695.0,30128501.0,2384468.0,1333694682052.351
CH0SP1SE1WE0BP0RE1CO0DI1WO1CS0,96838409.0,4010370.0,7366323.0,30001071.0,1332379.0,1327879117156.349
CH0SP1SE1WE0BP0RE1CO1DI0WO0CS0,101392794.0,2489504.0,8628498.0,25768459.0,1269297.0,1353348524313.33
CH0SP1SE1WE0BP0RE1CO1DI0WO0CS1,100660391.0,2471895.0,8723021.0,25097860.0,2595385.0,1355598180175.4346
CH0SP1SE1WE0BP0RE1CO1DI0WO1CS0,101042025.0,4262272.0,8381335.0,24872418.0,990502.0,1350558745347.2612
CH0SP1SE1WE0BP0RE1CO1DI1WO0CS0,94587469.0,2674999.0,7549434.0,33742869.0,993781.0,1303638992467.0737
CH0SP1SE1WE0BP1RE0CO0DI0WO0CS0,107710630.0,1245924.0,12252056.0,17483407.0,856535.0,1387992574118.1724
CH0SP1SE1WE0BP1RE0CO0DI0WO0CS1,107382239.0,1278749.0,12177080.0,17260664.0,1449820.0,1389469157276.275
CH0SP1SE1WE0BP1RE0CO0DI0WO1CS0,107317106.0,2456026.0,12112033.0,16953281.0,710106.0,1385715971349.401
CH0SP1SE1WE0BP1RE0CO0DI0WO1CS1,106913809.0,2391468.0,11775726.0,16920785.0,1546764.0,1388764969061.5771
CH0SP1SE1WE0BP1RE0CO0DI1WO0CS0,102869280.0,1683367.0,10086442.0,23955612.0,953851.0,1360752372571.4707
CH0SP1SE1WE0BP1RE0CO0DI1WO0CS1,102611068.0,1607116.0,9970472.0,23757408.0,1602488.0,1363544358582.2617
CH0SP1SE1WE0BP1RE0CO0DI1WO1CS0,102515764.0,2872578.0,9973708.0,23105517.0,1080985.0,1359715129175.0242
CH0SP1SE1WE0BP1RE0CO1DI0WO0CS0,105779063.0,1641302.0,12390228.0,19087100.0,650859.0,1366596638897.0996
CH0SP1SE1WE0BP1RE0CO1DI0WO0CS1,105372676.0,1554189.0,12147522.0,18865422.0,1608743.0,1370222936177.1592
CH0SP1SE1WE0BP1RE0CO1DI0WO1CS0,105465199.0,2991764.0,12056007.0,18355378.0,680204.0,1366326168747.4146
CH0SP1SE1WE0BP1RE0CO1DI1WO0CS0,100462350.0,1913145.0,10148660.0,26156846.0,867551.0,1336410301801.806
CH0SP1SE1WE0BP1RE1CO0DI0WO0CS0,103635503.0,2038491.0,11980586.0,20674533.0,1219439.0,1359715719962.1807
CH0SP1SE1WE0BP1RE1CO0DI0WO0CS1,103075864.0,1940703.0,11959586.0,20299767.0,2272632.0,1361702993355.8513
CH0SP1SE1WE0BP1RE1CO0DI0WO1CS0,103153442.0,3416640.0,11845671.0,20136724.0,996075.0,1355714424212.8394
CH0SP1SE1WE0BP1RE1CO0DI0WO1CS1,102647978.0,3448484.0,11604824.0,19703999.0,2143267.0,1359864652963.4717
CH0SP1SE1WE0BP1RE1CO0DI1WO0CS0,97229222.0,2378697.0,9727582.0,29000541.0,1212510.0,1319386146992.1128
CH0SP1SE1WE0BP1RE1CO0DI1WO0CS1,97082335.0,2319178.0,9745740.0,28542833.0,1858466.0,1322149247915.5151
CH0SP1SE1WE0BP1RE1CO0DI1WO1CS0,96899448.0,3957530.0,9548642.0,28158244.0,984688.0,1316832831889.279
CH0SP1SE1WE0BP1RE1CO1DI0WO0CS0,101596685.0,2366103.0,12078681.0,22406282.0,1100801.0,1339231861322.2368
CH0SP1SE1WE0BP1RE1CO1DI0WO0CS1,100939338.0,2203803.0,11797629.0,22097568.0,2510214.0,1343932632347.882
CH0SP1SE1WE0BP1RE1CO1DI0WO1CS0,101140221.0,4157177.0,11813072.0,21528136.0,909946.0,1336499713248.877
CH0SP1SE1WE0BP1RE1CO1DI1WO0CS0,94667200.0,2597274.0,9803253.0,31499428.0,981397.0,1294597195810.2617
CH0SP1SE1WE1BP0RE0CO0DI0WO0CS0,107863995.0,1405773.0,9024768.0,20514197.0,739819.0,1255747619082.069
CH0SP1SE1WE1BP0RE0CO0DI0WO0CS1,107714637.0,1292820.0,9078449.0,20184672.0,1277974.0,1257342414208.666
CH0SP1SE1WE1BP0RE0CO0DI0WO1CS0,107526097.0,2670827.0,8825964.0,19703429.0,822235.0,1255344823968.5989
CH0SP1SE1WE1BP0RE0CO0DI0WO1CS1,107481978.0,2516040.0,8686772.0,19772746.0,1091016.0,1256478614009.7302
CH0SP1SE1WE1BP0RE0CO0DI1WO0CS0,103166715.0,1618258.0,7934064.0,25762520.0,1066995.0,1233180745801.227
CH0SP1SE1WE1BP0RE0CO0DI1WO0CS1,103118236.0,1567169.0,7893293.0,25833753.0,1136101.0,1233429628296.1902
CH0SP1SE1WE1BP0RE0CO0DI1WO1CS0,102975457.0,2992681.0,7664097.0,25327010.0,589307.0,1231280614905.579
CH0SP1SE1WE1BP0RE0CO1DI0WO0CS0,106124182.0,1648316.0,9016884.0,21845900.0,913270.0,1257695080924.273
CH0SP1SE1WE1BP0RE0CO1DI0WO0CS1,105968261.0,1577745.0,9063063.0,21672546.0,1266937.0,1258208799717.8755
CH0SP1SE1WE1BP0RE0CO1DI0WO1CS0,105706559.0,3171868.0,8707047.0,21233810.0,729268.0,1255840351820.0598
CH0SP1SE1WE1BP0RE0CO1DI1WO0CS0,100893567.0,1815360.0,7940254.0,28005425.0,893946.0,1226696537746.9717
CH0SP1SE1WE1BP0RE1CO0DI0WO0CS0,104041659.0,2044281.0,8734399.0,23626125.0,1102088.0,1237483273433.4917
CH0SP1SE1WE1BP0RE1CO0DI0WO0CS1,103736200.0,1934746.0,8651833.0,23453147.0,1772626.0,1238848360603.7097
CH0SP1SE1WE1BP0RE1CO0DI0WO1CS0,103773322.0,3266425.0,8507383.0,22963927.0,1037495.0,1236152325615.46
CH0SP1SE1WE1BP0RE1CO0DI0WO1CS1,103478443.0,3287947.0,8421234.0,22696255.0,1664673.0,1237709108972.4265
CH0SP1SE1WE1BP0RE1CO0DI1WO0CS0,98064893.0,2207328.0,7654953.0,30646962.0,974416.0,1204577699970.1987
CH0SP1SE1WE1BP0RE1CO0DI1WO0CS1,97948787.0,2221438.0,7623663.0,30144208.0,1610456.0,1207048860184.4207
CH0SP1SE1WE1BP0RE1CO0DI1WO1CS0,97771645.0,3547353.0,7428017.0,29625776.0,1175761.0,1204715619190.9336
CH0SP1SE1WE1BP0RE1CO1DI0WO0CS0,102169795.0,2294650.0,8703145.0,25503559.0,877403.0,1236883470887.9844
CH0SP1SE1WE1BP0RE1CO1DI0WO0CS1,101621292.0,2147392.0,8721283.0,25006568.0,2052017.0,1238767366470.4685
CH0SP1SE1WE1BP0RE1CO1DI0WO1CS0,101763129.0,3878198.0,8449973.0,24441519.0,1015733.0,1235851745238.5718
CH0SP1SE1WE1BP0RE1CO1DI1WO0CS0,95650634.0,2403100.0,7595672.0,32560123.0,1339023.0,1199548240455.7124
CH0SP1SE1WE1BP1RE0CO0DI0WO0CS0,107844171.0,1215560.0,12442431.0,17262768.0,783622.0,1242034803078.1748
CH0SP1SE1WE1BP1RE0CO0DI0WO0CS1,107696636.0,1158341.0,12185541.0,17285794.0,1222240.0,1244006678799.8984
CH0SP1SE1WE1BP1RE0CO0DI0WO1CS0,107604253.0,2525336.0,12208285.0,16618077.0,592601.0,1240911652632.2705
CH0SP1SE1WE1BP1RE0CO0DI0WO1CS1,107421069.0,2391052.0,11934425.0,16709878.0,1092128.0,1242795796918.084
CH0SP1SE1WE1BP1RE0CO0DI1WO0CS0,103339425.0,1601702.0,10270745.0,23654210.0,682470.0,1223109681582.5144
CH0SP1SE1WE1BP1RE0CO0DI1WO0CS1,103247980.0,1467299.0,10237494.0,23503264.0,1092515.0,1224238822390.8372
CH0SP1SE1WE1BP1RE0CO0DI1WO1CS0,103002017.0,2781627.0,9902706.0,23014957.0,847245.0,1223250532942.022
CH0SP1SE1WE1BP1RE0CO1DI0WO0CS0,106135335.0,1481867.0,12570635.0,18733530.0,627185.0,1242506677857.428
CH0SP1SE1WE1BP1RE0CO1DI0WO0CS1,105918820.0,1414698.0,12282307.0,18805458.0,1127269.0,1244207185090.1218
CH0SP1SE1WE1BP1RE0CO1DI0WO1CS0,105803477.0,2890163.0,12159952.0,18007086.0,687874.0,1242318862082.6719
CH0SP1SE1WE1BP1RE0CO1DI1WO0CS0,101078897.0,1755863.0,10158440.0,25397159.0,1158193.0,1220433876564.5906
CH1SP0SE0WE0BP0RE0CO0DI0WO0CS0,109684021.0,2853486.0,12740258.0,13177759.0,1093028.0,1406235563767.8418
CH1SP0SE0WE0BP0RE0CO0DI0WO0CS1,109444908.0,2781153.0,12624951.0,13247107.0,1450433.0,1407096981597.2788
CH1SP0SE0WE0BP0RE0CO0DI0WO1CS0,108563998.0,5375548.0,12040595.0,12459499.0,1108912.0,1401986665494.7043
CH1SP0SE0WE0BP0RE0CO0DI0WO1CS1,108205297.0,5166076.0,12001494.0,12281959.0,1893726.0,1403982691855.599
CH1SP0SE0WE0BP0RE0CO0DI1WO0CS0,105493885.0,3756487.0,11656053.0,17614903.0,1027224.0,1379914270493.9182
CH1SP0SE0WE0BP0RE0CO0DI1WO0CS1,105208279.0,3634201.0,11612520.0,17334276.0,1759276.0,1382817284995.1025
CH1SP0SE0WE0BP0RE0CO0DI1WO1CS0,104276413.0,6811940.0,10879794.0,16420280.0,1160125.0,1376473669569.4548
CH1SP0SE0WE0BP0RE0CO1DI0WO0CS0,107642391.0,3943618.0,12764362.0,14090937.0,1107244.0,1387175499576.142
CH1SP0SE0WE0BP0RE0CO1DI0WO0CS1,107322080.0,3622854.0,12782517.0,13983461.0,1837640.0,1388430865313.8523
CH1SP0SE0WE0BP0RE0CO1DI0WO1CS0,106171956.0,7273805.0,11879312.0,13115807.0,1107672.0,1380910450598.1128
CH1SP0SE0WE0BP0RE0CO1DI1WO0CS0,103014218.0,5026544.0,11555514.0,18968245.0,984031.0,1357837454579.1885
CH1SP0SE0WE0BP0RE1CO0DI0WO0CS0,105374509.0,4898639.0,12365851.0,15526128.0,1383425.0,1377572702391.7373
CH1SP0SE0WE0BP0RE1CO0DI0WO0CS1,104935102.0,4460944.0,12299395.0,15213439.0,2639672.0,1381821397023.9177
CH1SP0SE0WE0BP0RE1CO0DI0WO1CS0,104046818.0,8059682.0,11693076.0,14508323.0,1240653.0,1370581631987.4907
CH1SP0SE0WE0BP0RE1CO0DI0WO1CS1,103682912.0,7778140.0,11559651.0,14249184.0,2278665.0,1374251325369.4905
CH1SP0SE0WE0BP0RE1CO0DI1WO0CS0,99977673.0,5968613.0,11228364.0,21270055.0,1103847.0,1341012231738.099
CH1SP0SE0WE0BP0RE1CO0DI1WO0CS1,99840011.0,5462658.0,11191578.0,20752227.0,2302078.0,1346573835177.0674
CH1SP0SE0WE0BP0RE1CO0DI1WO1CS0,98844368.0,9606526.0,10461558.0,19443521.0,1192579.0,1337423360186.3433
CH1SP0SE0WE0BP0RE1CO1DI0WO0CS0,103310158.0,6002182.0,12411125.0,16508103.0,1316984.0,1358781010350.496
CH1SP0SE0WE0BP0RE1CO1DI0WO0CS1,102754071.0,5588239.0,12331180.0,16358548.0,2516514.0,1362001980472.1914
CH1SP0SE0WE0BP0RE1CO1DI0WO1CS0,101617824.0,9966259.0,11522257.0,14965289.0,1476923.0,1351893711798.9219
CH1SP0SE0WE0BP0RE1CO1DI1WO0CS0,97478629.0,6765801.0,11239568.0,22671460.0,1393094.0,1321287393376.9683
CH1SP0SE0WE0BP1RE0CO0DI0WO0CS0,109483476.0,2317040.0,16137093.0,10937249.0,673694.0,1387716369232.085
CH1SP0SE0WE0BP1RE0CO0DI0WO0CS1,109199534.0,2095351.0,15839639.0,10866395.0,1547633.0,1391358853085.0757
CH1SP0SE0WE0BP1RE0CO0DI0WO1CS0,108336378.0,4654288.0,15414628.0,10368462.0,774796.0,1383444770342.379
CH1SP0SE0WE0BP1RE0CO0DI0WO1CS1,108135124.0,4442532.0,15377523.0,10390019.0,1203354.0,1384362467427.7827
CH1SP0SE0WE0BP1RE0CO0DI1WO0CS0,105574944.0,3411501.0,14164906.0,15492194.0,905007.0,1369490774753.9414
CH1SP0SE0WE0BP1RE0CO0DI1WO0CS1,105371892.0,3285443.0,14095936.0,15223909.0,1571372.0,1371555037311.1646
CH1SP0SE0WE0BP1RE0CO0DI1WO1CS0,104356032.0,6289534.0,13523065.0,14597536.0,782385.0,1363166694600.9836
CH1SP0SE0WE0BP1RE0CO1DI0WO0CS0,107693827.0,3207564.0,16281112.0,11688457.0,677592.0,1369147700582.8552
CH1SP0SE0WE0BP1RE0CO1DI0WO0CS1,107234024.0,3075510.0,16076664.0,11635602.0,1526752.0,1371726534038.7114
CH1SP0SE0WE0BP1RE0CO1DI0WO1CS0,106084744.0,6359853.0,15234190.0,11130467.0,739298.0,1363267914846.301
CH1SP0SE0WE0BP1RE0CO1DI1WO0CS0,103193078.0,4548795.0,14281423.0,16719430.0,805826.0,1346365230785.173
CH1SP0SE0WE0BP1RE1CO0DI0WO0CS0,105340727.0,4484900.0,16018231.0,12717059.0,987635.0,1359140744396.4224
CH1SP0SE0WE0BP1RE1CO0DI0WO0CS1,104906189.0,4013503.0,15804928.0,12701898.0,2122034.0,1362932103345.835
CH1SP0SE0WE0BP1RE1CO0DI0WO1CS0,104109825.0,7211285.0,15205171.0,12118496.0,903775.0,1353809060010.0103
CH1SP0SE0WE0BP1RE1CO0DI0WO1CS1,103695297.0,7146990.0,15074885.0,11806652.0,1824728.0,1356220113791.0698
CH1SP0SE0WE0BP1RE1CO0DI1WO0CS0,100203516.0,5455692.0,13636493.0,18992418.0,1260433.0,1332804231045.3374
CH1SP0SE0WE0BP1RE1CO0DI1WO0CS1,99932987.0,5050903.0,13600651.0,18760726.0,2203285.0,1335780290351.5283
CH1SP0SE0WE0BP1RE1CO0DI1WO1CS0,98825872.0,9220956.0,12872049.0,17475167.0,1154508.0,1326096882490.624
CH1SP0SE0WE0BP1RE1CO1DI0WO0CS0,103376686.0,5379274.0,16065488.0,13680994.0,1046110.0,1341868255301.7085
CH1SP0SE0WE0BP1RE1CO1DI0WO0CS1,102903364.0,4953979.0,15922667.0,13512235.0,2256307.0,1345780217662.448
CH1SP0SE0WE0BP1RE1CO1DI0WO1CS0,101676211.0,9413688.0,15132442.0,12636184.0,690027.0,1332682394062.2585
CH1SP0SE0WE0BP1RE1CO1DI1WO0CS0,97594742.0,6391928.0,13656707.0,20705443.0,1199732.0,1310224214012.775
CH1SP0SE0WE1BP0RE0CO0DI0WO0CS0,109950940.0,2581797.0,12740966.0,13180136.0,1094713.0,1258257872385.0723
CH1SP0SE0WE1BP0RE0CO0DI0WO0CS1,109887650.0,2260269.0,12805931.0,13112752.0,1481950.0,1258618625915.1382
CH1SP0SE0WE1BP0RE0CO0DI0WO1CS0,108991102.0,4915656.0,12137398.0,12495949.0,1008447.0,1254408928317.514
CH1SP0SE0WE1BP0RE0CO0DI0WO1CS1,108776812.0,4730114.0,12162204.0,12323857.0,1555565.0,1255057738685.625
CH1SP0SE0WE1BP0RE0CO0DI1WO0CS0,105862878.0,3638813.0,11604840.0,17399015.0,1043006.0,1238733330939.3633
CH1SP0SE0WE1BP0RE0CO0DI1WO0CS1,105870387.0,3260419.0,11677899.0,17292759.0,1447088.0,1240278108468.102
CH1SP0SE0WE1BP0RE0CO0DI1WO1CS0,104834560.0,6469626.0,10968185.0,16131385.0,1144796.0,1236028700826.197
CH1SP0SE0WE1BP0RE0CO1DI0WO0CS0,108223121.0,3350147.0,12918158.0,14137621.0,919505.0,1261786666449.0703
CH1SP0SE0WE1BP0RE0CO1DI0WO0CS1,108032426.0,3115194.0,12902852.0,13943874.0,1554206.0,1262760255572.6235
CH1SP0SE0WE1BP0RE0CO1DI0WO1CS0,106852333.0,6438717.0,12039354.0,13265021.0,953127.0,1256242231385.1565
CH1SP0SE0WE1BP0RE0CO1DI1WO0CS0,103867596.0,4279303.0,11725177.0,18908138.0,768338.0,1238020771060.5698
CH1SP0SE0WE1BP0RE1CO0DI0WO0CS0,105976027.0,4371856.0,12469881.0,15304792.0,1425996.0,1239184243561.3286
CH1SP0SE0WE1BP0RE1CO0DI0WO0CS1,105909896.0,3786108.0,12495849.0,15221380.0,2135319.0,1241445150857.6143
CH1SP0SE0WE1BP0RE1CO0DI0WO1CS0,104896228.0,7088326.0,11815561.0,14481395.0,1267042.0,1234405984571.4683
CH1SP0SE0WE1BP0RE1CO0DI0WO1CS1,104629840.0,6939420.0,11780118.0,14171771.0,2027403.0,1235977153726.3413
CH1SP0SE0WE1BP0RE1CO0DI1WO0CS0,101040514.0,5139102.0,11292420.0,20790732.0,1285784.0,1214282870738.9084
CH1SP0SE0WE1BP0RE1CO0DI1WO0CS1,100875120.0,4820989.0,11245931.0,20805438.0,1801074.0,1215324022408.3247
CH1SP0SE0WE1BP0RE1CO0DI1WO1CS0,99858661.0,8555201.0,10615915.0,19105040.0,1413735.0,1210374542064.3342
CH1SP0SE0WE1BP0RE1CO1DI0WO0CS0,104095979.0,5233953.0,12448506.0,16641696.0,1128418.0,1242659640068.1404
CH1SP0SE0WE1BP0RE1CO1DI0WO0CS1,103899351.0,4850796.0,12468942.0,16338343.0,1991120.0,1245329653855.2285
CH1SP0SE0WE1BP0RE1CO1DI0WO1CS0,102582029.0,9021649.0,11633291.0,15220390.0,1091193.0,1235430311696.1064
CH1SP0SE0WE1BP0RE1CO1DI1WO0CS0,98515414.0,5959315.0,11344025.0,22395409.0,1334389.0,1212125196575.2617
CH1SP0SE0WE1BP1RE0CO0DI0WO0CS0,109835393.0,2042757.0,16247774.0,10729550.0,693078.0,1240849801134.105
CH1SP0SE0WE1BP1RE0CO0DI0WO0CS1,109738050.0,1716859.0,15938207.0,10720346.0,1435090.0,1244149090532.7075
CH1SP0SE0WE1BP1RE0CO0DI0WO1CS0,108668828.0,4238623.0,15437243.0,10376232.0,827626.0,1237790934459.3115
CH1SP0SE0WE1BP1RE0CO0DI0WO1CS1,108615878.0,4151218.0,15465491.0,10316073.0,999892.0,1237989662749.669
CH1SP0SE0WE1BP1RE0CO0DI1WO0CS0,106067452.0,3009820.0,14300209.0,15300872.0,870199.0,1227972587826.338
CH1SP0SE0WE1BP1RE0CO0DI1WO0CS1,105997804.0,2832847.0,14224785.0,15262317.0,1230799.0,1229062449339.1094
CH1SP0SE0WE1BP1RE0CO0DI1WO1CS0,104946645.0,5740975.0,13421008.0,14417795.0,1022129.0,1225523162657.4565
CH1SP0SE0WE1BP1RE0CO1DI0WO0CS0,108091159.0,2682619.0,16346717.0,11666185.0,761872.0,1246138418001.974
CH1SP0SE0WE1BP1RE0CO1DI0WO0CS1,107932401.0,2521642.0,16011576.0,11599554.0,1483379.0,1249072413579.8726
CH1SP0SE0WE1BP1RE0CO1DI0WO1CS0,106723344.0,5630172.0,15537360.0,10924260.0,733416.0,1240349226887.545
CH1SP0SE0WE1BP1RE0CO1DI1WO0CS0,103994245.0,3946965.0,14300708.0,16617649.0,688985.0,1228364518482.4421
CH1SP0SE1WE0BP0RE0CO0DI0WO0CS0,109397139.0,3737436.0,12311335.0,13000779.0,1101863.0,1406983215454.67
CH1SP0SE1WE0BP0RE0CO0DI0WO0CS1,109200002.0,3196617.0,12372040.0,12948406.0,1831487.0,1409187316258.7817
CH1SP0SE1WE0BP0RE0CO0DI0WO1CS0,108422599.0,6269536.0,11625304.0,12251018.0,980095.0,1402783357471.6602
CH1SP0SE1WE0BP0RE0CO0DI0WO1CS1,108194811.0,5802229.0,11644785.0,12163879.0,1742848.0,1404937872825.4653
CH1SP0SE1WE0BP0RE0CO0DI1WO0CS0,105322537.0,4681191.0,11253686.0,17251881.0,1039257.0,1382222272704.8843
CH1SP0SE1WE0BP0RE0CO0DI1WO0CS1,105153845.0,4495759.0,11282891.0,16943184.0,1672873.0,1383892672588.1987
CH1SP0SE1WE0BP0RE0CO0DI1WO1CS0,104211492.0,7855370.0,10474876.0,16045103.0,961711.0,1377073462978.452
CH1SP0SE1WE0BP0RE0CO1DI0WO0CS0,107494103.0,4793713.0,12354926.0,13782119.0,1123691.0,1388780045572.7666
CH1SP0SE1WE0BP0RE0CO1DI0WO0CS1,107131405.0,4548411.0,12349937.0,13857743.0,1661056.0,1388994132488.001
CH1SP0SE1WE0BP0RE0CO1DI0WO1CS0,106028464.0,8123445.0,11429742.0,12977710.0,989191.0,1381554938057.9805
CH1SP0SE1WE0BP0RE0CO1DI1WO0CS0,103006290.0,5676639.0,11237309.0,18465072.0,1163242.0,1361250695746.8892
CH1SP0SE1WE0BP0RE1CO0DI0WO0CS0,105237672.0,5838809.0,11954999.0,15261395.0,1255677.0,1378647108548.9421
CH1SP0SE1WE0BP0RE1CO0DI0WO0CS1,104664853.0,5543831.0,11945809.0,14742251.0,2651808.0,1382075742142.1108
CH1SP0SE1WE0BP0RE1CO0DI0WO1CS0,103944236.0,8953636.0,11251864.0,14317363.0,1081453.0,1371421990020.6099
CH1SP0SE1WE0BP0RE1CO0DI0WO1CS1,103520742.0,8653387.0,11195396.0,13845158.0,2333869.0,1375001239876.4585
CH1SP0SE1WE0BP0RE1CO0DI1WO0CS0,99882560.0,6747082.0,10729413.0,20850570.0,1338927.0,1344484002088.0132
CH1SP0SE1WE0BP0RE1CO0DI1WO0CS1,99603115.0,6663609.0,10798977.0,20433821.0,2049030.0,1346104133345.4895
CH1SP0SE1WE0BP0RE1CO0DI1WO1CS0,98778337.0,10244793.0,10108106.0,18841491.0,1575825.0,1340617163110.833
CH1SP0SE1WE0BP0RE1CO1DI0WO0CS0,103083307.0,7012076.0,11982201.0,16161139.0,1309829.0,1360118441945.0496
CH1SP0SE1WE0BP0RE1CO1DI0WO0CS1,102547476.0,6606299.0,11841712.0,15785898.0,2767167.0,1364848365931.3406
CH1SP0SE1WE0BP0RE1CO1DI0WO1CS0,101570210.0,10971764.0,10991264.0,14720975.0,1294339.0,1353769077256.1274
CH1SP0SE1WE0BP0RE1CO1DI1WO0CS0,97390993.0,7801478.0,10730176.0,22247401.0,1378504.0,1323446855494.1382
CH1SP0SE1WE0BP1RE0CO0DI0WO0CS0,109398556.0,2879331.0,15953518.0,10731199.0,585948.0,1387835514713.8557
CH1SP0SE1WE0BP1RE0CO0DI0WO0CS1,109119024.0,2600627.0,15543321.0,10783289.0,1502291.0,1392020853512.4587
CH1SP0SE1WE0BP1RE0CO0DI0WO1CS0,108063673.0,5597161.0,14794965.0,10167715.0,925038.0,1385380684131.0273
CH1SP0SE1WE0BP1RE0CO0DI0WO1CS1,107942488.0,5334772.0,14637709.0,10203868.0,1429715.0,1387701414164.56
CH1SP0SE1WE0BP1RE0CO0DI1WO0CS0,105408301.0,4265090.0,13901614.0,15066184.0,907363.0,1369608475779.009
CH1SP0SE1WE0BP1RE0CO0DI1WO0CS1,105338693.0,3824096.0,13786461.0,15083269.0,1516033.0,1373197327568.6118
CH1SP0SE1WE0BP1RE0CO0DI1WO1CS0,104170620.0,7325123.0,12905288.0,14164602.0,982919.0,1365841602529.472
CH1SP0SE1WE0BP1RE0CO1DI0WO0CS0,107402054.0,4050046.0,15870936.0,11585575.0,639941.0,1369769927593.5115
CH1SP0SE1WE0BP1RE0CO1DI0WO0CS1,106977005.0,3931946.0,15527057.0,11476329.0,1636215.0,1373327433233.127
CH1SP0SE1WE0BP1RE0CO1DI0WO1CS0,105919236.0,7217379.0,14852003.0,10777573.0,782361.0,1364367003345.5532
CH1SP0SE1WE0BP1RE0CO1DI1WO0CS0,103045423.0,5364122.0,13802654.0,16529008.0,807345.0,1348021356308.7744
CH1SP0SE1WE0BP1RE1CO0DI0WO0CS0,105245246.0,5101175.0,15809252.0,12557178.0,835701.0,1359185751841.7305
CH1SP0SE1WE0BP1RE1CO0DI0WO0CS1,104775721.0,4671599.0,15289042.0,12445915.0,2366275.0,1366420438987.9863
CH1SP0SE1WE0BP1RE1CO0DI0WO1CS0,103858818.0,8278273.0,14678674.0,11917190.0,815597.0,1354129329259.501
CH1SP0SE1WE0BP1RE1CO0DI0WO1CS1,103391192.0,7931120.0,14581202.0,11704453.0,1940585.0,1356999554937.8936
CH1SP0SE1WE0BP1RE1CO0DI1WO0CS0,100009130.0,6364570.0,13362031.0,18686780.0,1126041.0,1332307591733.093
CH1SP0SE1WE0BP1RE1CO0DI1WO0CS1,99896014.0,6012034.0,13185162.0,18532792.0,1922550.0,1336764125611.3027
CH1SP0SE1WE0BP1RE1CO0DI1WO1CS0,98750617.0,9902036.0,12469932.0,17289579.0,1136388.0,1327803513901.3262
CH1SP0SE1WE0BP1RE1CO1DI0WO0CS0,103141885.0,6492190.0,15617702.0,13544217.0,752558.0,1341253375804.045
CH1SP0SE1WE0BP1RE1CO1DI0WO0CS1,102465774.0,5874927.0,15185508.0,13410154.0,2612189.0,1348098403631.427
CH1SP0SE1WE0BP1RE1CO1DI0WO1CS0,101447699.0,10254920.0,14396267.0,12494759.0,954907.0,1336125394436.871
CH1SP0SE1WE0BP1RE1CO1DI1WO0CS0,97487247.0,7447268.0,13216341.0,20058947.0,1338749.0,1312733058687.73
CH1SP0SE1WE1BP0RE0CO0DI0WO0CS0,109822157.0,3254947.0,12499087.0,13016047.0,956314.0,1257912814746.4802
CH1SP0SE1WE1BP0RE0CO0DI0WO0CS1,109642860.0,3206316.0,12404224.0,12849908.0,1445244.0,1259196793581.0527
CH1SP0SE1WE1BP0RE0CO0DI0WO1CS0,108812685.0,5726818.0,11724289.0,12225107.0,1059653.0,1255548012174.3032
CH1SP0SE1WE1BP0RE0CO0DI0WO1CS1,108534473.0,5934420.0,11647495.0,12082241.0,1349923.0,1255365604385.258
CH1SP0SE1WE1BP0RE0CO0DI1WO0CS0,105669332.0,4725010.0,11313645.0,16923453.0,917112.0,1238935688287.2502
CH1SP0SE1WE1BP0RE0CO0DI1WO0CS1,105558363.0,4514633.0,11128796.0,16787638.0,1559122.0,1241733121935.9387
CH1SP0SE1WE1BP0RE0CO0DI1WO1CS0,104672690.0,7369015.0,10592287.0,15994342.0,920218.0,1235464931986.0205
CH1SP0SE1WE1BP0RE0CO1DI0WO0CS0,107919203.0,4256876.0,12471263.0,13862003.0,1039207.0,1262164000945.3604
CH1SP0SE1WE1BP0RE0CO1DI0WO0CS1,107777089.0,4032180.0,12476341.0,13728121.0,1534821.0,1263523383623.7974
CH1SP0SE1WE1BP0RE0CO1DI0WO1CS0,106669529.0,7392257.0,11614622.0,12885001.0,987143.0,1256419007775.594
CH1SP0SE1WE1BP0RE0CO1DI1WO0CS0,103656103.0,5200410.0,11268266.0,18347798.0,1075975.0,1240599540483.7441
CH1SP0SE1WE1BP0RE1CO0DI0WO0CS0,105904035.0,5292646.0,12044212.0,15297126.0,1010533.0,1238980593874.972
CH1SP0SE1WE1BP0RE1CO0DI0WO0CS1,105662070.0,4959440.0,12085688.0,14905209.0,1936145.0,1241113539931.1133
CH1SP0SE1WE1BP0RE1CO0DI0WO1CS0,104612470.0,8238327.0,11325139.0,14168763.0,1203853.0,1234993091135.7378
CH1SP0SE1WE1BP0RE1CO0DI0WO1CS1,104416385.0,7979448.0,11264051.0,13934609.0,1954059.0,1236797353037.4614
CH1SP0SE1WE1BP0RE1CO0DI1WO0CS0,100810891.0,5924407.0,10903320.0,20526744.0,1383190.0,1215268867153.9785
CH1SP0SE1WE1BP0RE1CO0DI1WO0CS1,100725068.0,5917291.0,10905632.0,19788787.0,2211774.0,1217971498659.705
CH1SP0SE1WE1BP0RE1CO0DI1WO1CS0,99698612.0,9532883.0,10160487.0,18872099.0,1284471.0,1210899046788.3357
CH1SP0SE1WE1BP0RE1CO1DI0WO0CS0,103775108.0,6323125.0,11924266.0,16332284.0,1193769.0,1243655602114.38
CH1SP0SE1WE1BP0RE1CO1DI0WO0CS1,103493177.0,6090458.0,12049479.0,15665805.0,2249633.0,1245455760263.4326
CH1SP0SE1WE1BP0RE1CO1DI0WO1CS0,102374945.0,10151503.0,11106471.0,14876329.0,1039304.0,1236023166684.105
CH1SP0SE1WE1BP0RE1CO1DI1WO0CS0,98345715.0,7183898.0,10852788.0,22050825.0,1115326.0,1211844420452.73
CH1SP0SE1WE1BP1RE0CO0DI0WO0CS0,109671864.0,2636065.0,15829593.0,10731297.0,679733.0,1241935384957.5977
CH1SP0SE1WE1BP1RE0CO0DI0WO0CS1,109518904.0,2520584.0,15764254.0,10610361.0,1134449.0,1242751962384.4531
CH1SP0SE1WE1BP1RE0CO0DI0WO1CS0,108567373.0,5054981.0,15048460.0,10222176.0,655562.0,1238615555669.7827
CH1SP0SE1WE1BP1RE0CO0DI0WO1CS1,108376490.0,5076682.0,14860190.0,10118363.0,1116827.0,1240082654089.1865
CH1SP0SE1WE1BP1RE0CO0DI1WO0CS0,105879458.0,3863245.0,13895806.0,14937705.0,972338.0,1229081328852.9094
CH1SP0SE1WE1BP1RE0CO0DI1WO0CS1,105683601.0,3708109.0,13667057.0,14878207.0,1611578.0,1231617330318.288
CH1SP0SE1WE1BP1RE0CO0DI1WO1CS0,104798421.0,6754563.0,12986141.0,13930001.0,1079426.0,1227109469004.26
CH1SP0SE1WE1BP1RE0CO1DI0WO0CS0,107957557.0,3426062.0,16175856.0,11311700.0,677377.0,1245475140958.3325
CH1SP0SE1WE1BP1RE0CO1DI0WO0CS1,107674541.0,3272067.0,15857426.0,11419819.0,1324699.0,1247860008720.08
CH1SP0SE1WE1BP1RE0CO1DI0WO1CS0,106428053.0,6696965.0,14890122.0,10717016.0,816396.0,1241212349341.3594
CH1SP0SE1WE1BP1RE0CO1DI1WO0CS0,103854745.0,4719648.0,13962239.0,16207476.0,804444.0,1229380677978.7314
CH1SP1SE0WE0BP0RE0CO0DI0WO0CS0,107246069.0,1901206.0,8968914.0,20622306.0,810057.0,1398830903968.1797
CH1SP1SE0WE0BP0RE0CO0DI0WO0CS1,107000568.0,1661838.0,9094594.0,20311363.0,1480189.0,1400133880602.6465
CH1SP1SE0WE0BP0RE0CO0DI0WO1CS0,106420336.0,3979468.0,8822903.0,19438996.0,886849.0,1394750531039.182
CH1SP1SE0WE0BP0RE0CO0DI0WO1CS1,106159271.0,4006059.0,8780679.0,19017995.0,1584548.0,1397605158858.1558
CH1SP1SE0WE0BP0RE0CO0DI1WO0CS0,102257499.0,2704188.0,7977085.0,25991756.0,618024.0,1363839100185.8647
CH1SP1SE0WE0BP0RE0CO0DI1WO0CS1,102047641.0,2689380.0,7930478.0,25530374.0,1350679.0,1367124872434.098
CH1SP1SE0WE0BP0RE0CO0DI1WO1CS0,101556846.0,4741112.0,7804680.0,24619466.0,826448.0,1361993435189.8772
CH1SP1SE0WE0BP0RE0CO1DI0WO0CS0,105169919.0,2665546.0,9046831.0,21853501.0,812755.0,1377939646474.2578
CH1SP1SE0WE0BP0RE0CO1DI0WO0CS1,104884385.0,2627201.0,9015864.0,21833132.0,1187970.0,1378434991758.399
CH1SP1SE0WE0BP0RE0CO1DI0WO1CS0,104112861.0,5236664.0,8721653.0,20650935.0,826439.0,1373175310398.3235
CH1SP1SE0WE0BP0RE0CO1DI1WO0CS0,99751193.0,3110701.0,7909615.0,27863851.0,913192.0,1341972804132.1843
CH1SP1SE0WE0BP0RE1CO0DI0WO0CS0,102664830.0,4069648.0,8774815.0,23212633.0,826626.0,1365699847346.3704
CH1SP1SE0WE0BP0RE1CO0DI0WO0CS1,102475769.0,3411616.0,8672730.0,23230764.0,1757673.0,1369392156849.1118
CH1SP1SE0WE0BP0RE1CO0DI0WO1CS0,101719115.0,6518341.0,8453931.0,21783221.0,1073944.0,1362261150773.6587
CH1SP1SE0WE0BP0RE1CO0DI0WO1CS1,101363824.0,6338383.0,8420077.0,21776814.0,1649454.0,1362993285922.7622
CH1SP1SE0WE0BP0RE1CO0DI1WO0CS0,96720138.0,4302643.0,7625373.0,29788222.0,1112176.0,1325708947461.727
CH1SP1SE0WE0BP0RE1CO0DI1WO0CS1,96604116.0,3772372.0,7719963.0,29439103.0,2012998.0,1329605275108.2346
CH1SP1SE0WE0BP0RE1CO0DI1WO1CS0,95776974.0,7248210.0,7439084.0,27875765.0,1208519.0,1321509548371.8486
CH1SP1SE0WE0BP0RE1CO1DI0WO0CS0,100564453.0,4643671.0,8655348.0,25030918.0,654162.0,1345933689662.053
CH1SP1SE0WE0BP0RE1CO1DI0WO0CS1,100202687.0,3913252.0,8729269.0,24461945.0,2241399.0,1351052827006.7183
CH1SP1SE0WE0BP0RE1CO1DI0WO1CS0,99264120.0,7958962.0,8381907.0,22944407.0,999156.0,1340334107634.1575
CH1SP1SE0WE0BP0RE1CO1DI1WO0CS0,93960797.0,4929665.0,7596921.0,31898735.0,1162434.0,1302260336208.9946
CH1SP1SE0WE0BP1RE0CO0DI0WO0CS0,107282127.0,1821799.0,12328274.0,17375124.0,741228.0,1384418351252.2793
CH1SP1SE0WE0BP1RE0CO0DI0WO0CS1,107015713.0,1613630.0,12160127.0,17340515.0,1418567.0,1386744082493.9995
CH1SP1SE0WE0BP1RE0CO0DI0WO1CS0,106448025.0,3665451.0,11948145.0,16746402.0,740529.0,1380909589840.2612
CH1SP1SE0WE0BP1RE0CO0DI0WO1CS1,106362571.0,3522562.0,11854928.0,16708039.0,1100452.0,1382891244080.8691
CH1SP1SE0WE0BP1RE0CO0DI1WO0CS0,102492201.0,2289641.0,10218805.0,23753523.0,794382.0,1357331810038.2039
CH1SP1SE0WE0BP1RE0CO0DI1WO0CS1,102318562.0,2152282.0,10119517.0,23580266.0,1377925.0,1359663527587.3225
CH1SP1SE0WE0BP1RE0CO0DI1WO1CS0,101470786.0,4884267.0,9789898.0,22406166.0,997435.0,1353636905399.6172
CH1SP1SE0WE0BP1RE0CO1DI0WO0CS0,105269131.0,2392221.0,12253361.0,18979062.0,654777.0,1364510653306.0332
CH1SP1SE0WE0BP1RE0CO1DI0WO0CS1,104938295.0,2257934.0,12120776.0,18930533.0,1301014.0,1366037395947.4622
CH1SP1SE0WE0BP1RE0CO1DI0WO1CS0,104037689.0,5097442.0,11867565.0,17844469.0,701387.0,1358269706185.959
CH1SP1SE0WE0BP1RE0CO1DI1WO0CS0,99734770.0,3137400.0,10186456.0,25842021.0,647905.0,1331038399800.7563
CH1SP1SE0WE0BP1RE1CO0DI0WO0CS0,102790102.0,3664732.0,12026491.0,20063353.0,1003874.0,1353329786285.5151
CH1SP1SE0WE0BP1RE1CO0DI0WO0CS1,102448439.0,3243647.0,11750687.0,20054177.0,2051602.0,1357649607155.6367
CH1SP1SE0WE0BP1RE1CO0DI0WO1CS0,101846817.0,6050436.0,11653485.0,19098722.0,899092.0,1348166828198.2188
CH1SP1SE0WE0BP1RE1CO0DI0WO1CS1,101477343.0,6078775.0,11505010.0,18892352.0,1595072.0,1350105545646.9175
CH1SP1SE0WE0BP1RE1CO0DI1WO0CS0,96700608.0,4152813.0,9805657.0,27759363.0,1130111.0,1316408135072.4277
CH1SP1SE0WE0BP1RE1CO0DI1WO0CS1,96521573.0,3719222.0,9617269.0,27637760.0,2052728.0,1320770137550.4006
CH1SP1SE0WE0BP1RE1CO0DI1WO1CS0,95883405.0,7181180.0,9480007.0,25961758.0,1042202.0,1312605099481.724
CH1SP1SE0WE0BP1RE1CO1DI0WO0CS0,100482449.0,4499102.0,11909738.0,21639680.0,1017583.0,1333340828366.9724
CH1SP1SE0WE0BP1RE1CO1DI0WO0CS1,100254641.0,3899802.0,11853895.0,21513366.0,2026848.0,1337045184190.525
CH1SP1SE0WE0BP1RE1CO1DI0WO1CS0,99360394.0,7674171.0,11659039.0,20050831.0,804117.0,1326447717797.1963
CH1SP1SE0WE0BP1RE1CO1DI1WO0CS0,94058557.0,4728962.0,9724394.0,29731352.0,1305287.0,1294347902194.8564
CH1SP1SE0WE1BP0RE0CO0DI0WO0CS0,107618307.0,1765178.0,9073881.0,20229245.0,861941.0,1255077647974.5352
CH1SP1SE0WE1BP0RE0CO0DI0WO0CS1,107408700.0,1698014.0,9029794.0,20102011.0,1310033.0,1255832008644.0408
CH1SP1SE0WE1BP0RE0CO0DI0WO1CS0,106730660.0,3795455.0,8849831.0,19362015.0,810591.0,1250930552733.7632
CH1SP1SE0WE1BP0RE0CO0DI0WO1CS1,106617091.0,3443530.0,8856509.0,19053880.0,1577542.0,1253411490113.8604
CH1SP1SE0WE1BP0RE0CO0DI1WO0CS0,102987465.0,2210856.0,7932177.0,25592282.0,825772.0,1231827547974.912
CH1SP1SE0WE1BP0RE0CO0DI1WO0CS1,102733258.0,2055465.0,7998692.0,25181392.0,1579745.0,1233427470821.9282
CH1SP1SE0WE1BP0RE0CO0DI1WO1CS0,102068477.0,4505887.0,7783902.0,24205348.0,984938.0,1228210119938.434
CH1SP1SE0WE1BP0RE0CO1DI0WO0CS0,105699787.0,2229430.0,9095536.0,21826196.0,697603.0,1254248355398.8755
CH1SP1SE0WE1BP0RE0CO1DI0WO0CS1,105496482.0,2154061.0,9019445.0,21614876.0,1263688.0,1255797037570.5864
CH1SP1SE0WE1BP0RE0CO1DI0WO1CS0,104782335.0,4591578.0,8847698.0,20437762.0,889179.0,1250643152561.2124
CH1SP1SE0WE1BP0RE0CO1DI1WO0CS0,100588087.0,2596095.0,8009244.0,27461658.0,893468.0,1225183761124.888
CH1SP1SE0WE1BP0RE1CO0DI0WO0CS0,103535994.0,3069554.0,8794439.0,23117563.0,1031002.0,1234521759809.017
CH1SP1SE0WE1BP0RE1CO0DI0WO0CS1,103306264.0,2984671.0,8743547.0,22822111.0,1691959.0,1236440083641.3708
CH1SP1SE0WE1BP0RE1CO0DI0WO1CS0,102663562.0,5332696.0,8584101.0,21963102.0,1005091.0,1230204516360.2854
CH1SP1SE0WE1BP0RE1CO0DI0WO1CS1,102345543.0,5541770.0,8566332.0,21488531.0,1606376.0,1230879758974.6216
CH1SP1SE0WE1BP0RE1CO0DI1WO0CS0,97739202.0,3655101.0,7785710.0,29425199.0,943340.0,1202947366702.1694
CH1SP1SE0WE1BP0RE1CO0DI1WO0CS1,97601318.0,3500856.0,7664299.0,29168116.0,1613963.0,1205671837602.2812
CH1SP1SE0WE1BP0RE1CO0DI1WO1CS0,96923854.0,6418683.0,7474991.0,27431918.0,1299106.0,1201380970109.775
CH1SP1SE0WE1BP0RE1CO1DI0WO0CS0,101338694.0,3898040.0,8722075.0,24811049.0,778694.0,1232521451339.563
CH1SP1SE0WE1BP0RE1CO1DI0WO0CS1,101197275.0,3198061.0,8724817.0,24524476.0,1903923.0,1235919276907.4624
CH1SP1SE0WE1BP0RE1CO1DI0WO1CS0,100317999.0,6729848.0,8464258.0,23267417.0,769030.0,1226997666621.7197
CH1SP1SE0WE1BP0RE1CO1DI1WO0CS0,95232165.0,4149893.0,7642701.0,31636043.0,887750.0,1196104063346.0273
CH1SP1SE0WE1BP1RE0CO0DI0WO0CS0,107622033.0,1497935.0,12461596.0,17310534.0,656454.0,1240192119732.1455
CH1SP1SE0WE1BP1RE0CO0DI0WO0CS1,107433242.0,1347976.0,12270512.0,17176249.0,1320573.0,1242513594032.3828
CH1SP1SE0WE1BP1RE0CO0DI0WO1CS0,106889366.0,3327812.0,12116751.0,16670744.0,543879.0,1237320300241.253
CH1SP1SE0WE1BP1RE0CO0DI0WO1CS1,106689807.0,3222973.0,11715421.0,16652780.0,1267571.0,1240775849647.2598
CH1SP1SE0WE1BP1RE0CO0DI1WO0CS0,102990172.0,1903850.0,10183765.0,23455053.0,1015712.0,1223044808439.9668
CH1SP1SE0WE1BP1RE0CO0DI1WO0CS1,102820096.0,2082257.0,10112288.0,23257503.0,1276408.0,1223329572805.4814
CH1SP1SE0WE1BP1RE0CO0DI1WO1CS0,102048760.0,4453709.0,10047799.0,22287564.0,710720.0,1217163067375.889
CH1SP1SE0WE1BP1RE0CO1DI0WO0CS0,105775528.0,1929494.0,12405545.0,18657163.0,780822.0,1241861627988.1794
CH1SP1SE0WE1BP1RE0CO1DI0WO0CS1,105652304.0,1725845.0,12129573.0,18616825.0,1424005.0,1245043654136.4365
CH1SP1SE0WE1BP1RE0CO1DI0WO1CS0,104806517.0,4241219.0,11996635.0,17904720.0,599461.0,1237094066854.362
CH1SP1SE0WE1BP1RE0CO1DI1WO0CS0,100569060.0,2608837.0,10122217.0,25233825.0,1014613.0,1217149710953.4683
