scenario,total_emissions
CH1SP0SE1WE0BP1RE0CO0DI0WO0CS0,2420929115546.3687
CH1SP0SE1WE1BP1RE0CO1DI1WO0CS0,2259758653773.046
CH0SP1SE0WE0BP0RE1CO0DI0WO1CS0,2402255847939.5605
CH1SP1SE0WE0BP1RE0CO0DI1WO1CS0,2384125581663.6855
CH1SP0SE1WE0BP0RE1CO0DI1WO0CS1,2376111774273.5146
CH1SP0SE1WE0BP0RE1CO0DI0WO1CS1,2407532177571.165
CH1SP0SE1WE0BP0RE1CO0DI1WO0CS0,2374769778949.246
CH0SP0SE1WE0BP1RE1CO0DI1WO1CS0,2364649438714.717
CH0SP0SE1WE1BP1RE0CO0DI0WO0CS0,2275303191891.992
CH0SP1SE0WE0BP1RE1CO0DI1WO1CS0,2346059030170.12
CH0SP1SE0WE1BP0RE1CO1DI0WO0CS1,2269253237147.5137
CH1SP0SE1WE0BP1RE1CO1DI0WO0CS1,2380661741157.312
CH1SP0SE0WE0BP1RE1CO0DI0WO1CS1,2388926299694.9883
CH1SP0SE0WE0BP1RE0CO0DI1WO0CS0,2400172860232.162
CH0SP0SE0WE0BP1RE0CO1DI0WO1CS0,2404614228535.38
CH0SP0SE0WE1BP0RE0CO0DI0WO0CS1,2294041735703.8047
CH0SP1SE1WE0BP1RE1CO0DI0WO1CS1,2392753125474.4336
CH0SP1SE1WE0BP1RE0CO1DI1WO0CS0,2366342761574.5063
CH0SP1SE0WE1BP1RE0CO0DI0WO1CS1,2274603204855.1357
CH1SP0SE1WE0BP0RE0CO0DI0WO1CS0,2435638421366.5356
CH0SP1SE1WE0BP0RE0CO0DI1WO0CS1,2402097303288.1885
CH0SP0SE1WE1BP0RE1CO1DI0WO0CS1,2283800529485.7104
CH0SP1SE0WE0BP0RE0CO0DI0WO1CS1,2435212023858.658
CH0SP1SE0WE1BP0RE1CO0DI0WO1CS1,2269984819911.7983
CH1SP0SE0WE0BP0RE0CO1DI0WO0CS0,2420115769905.2617
CH0SP1SE1WE1BP0RE1CO1DI0WO1CS0,2268636478924.4375
CH0SP0SE1WE0BP0RE0CO0DI0WO0CS0,2441178308840.881
CH0SP1SE0WE1BP0RE0CO0DI0WO1CS1,2288424896479.0146
CH1SP0SE1WE0BP1RE1CO0DI0WO0CS1,2399733335706.95
CH0SP0SE1WE1BP0RE0CO0DI0WO0CS0,2292608014522.049
CH1SP1SE0WE0BP1RE1CO0DI0WO1CS0,2380810925283.5073
CH1SP0SE0WE0BP0RE1CO0DI0WO1CS1,2407384733479.96
CH0SP0SE1WE1BP1RE0CO1DI1WO0CS0,2263242275447.419
CH1SP0SE1WE1BP0RE1CO0DI1WO0CS1,2248448054150.817
CH1SP1SE0WE0BP0RE1CO0DI1WO0CS1,2359940946529.535
CH0SP1SE1WE0BP0RE1CO0DI0WO1CS0,2403112075419.648
CH1SP0SE1WE0BP1RE0CO1DI1WO0CS0,2378034892907.016
CH0SP0SE0WE1BP0RE1CO1DI0WO0CS1,2281562134477.8687
CH0SP0SE0WE1BP1RE0CO0DI0WO0CS1,2278758115834.7104
CH1SP0SE1WE0BP0RE0CO0DI0WO0CS1,2441840713798.3545
CH0SP1SE0WE1BP1RE0CO1DI1WO0CS0,2248669799743.235
CH0SP0SE0WE1BP0RE1CO1DI0WO1CS0,2278195029961.3213
CH0SP0SE0WE1BP0RE0CO0DI1WO0CS1,2274033348943.1123
CH0SP0SE1WE0BP0RE1CO0DI0WO0CS1,2419208935193.6133
CH1SP0SE1WE0BP1RE1CO0DI1WO0CS1,2367684578587.252
CH0SP1SE0WE0BP1RE0CO1DI0WO1CS0,2398433117449.4727
CH1SP0SE1WE1BP0RE0CO0DI0WO0CS0,2290298802635.8657
CH1SP0SE0WE1BP0RE1CO0DI0WO0CS0,2271696748658.832
CH0SP0SE0WE0BP0RE0CO0DI1WO0CS0,2415870120691.9004
CH0SP0SE1WE0BP0RE0CO1DI0WO1CS0,2425880537324.008
CH0SP0SE1WE1BP1RE0CO0DI0WO1CS1,2276434295277.7417
CH1SP1SE0WE0BP0RE0CO1DI0WO1CS0,2406325005577.55
CH0SP0SE1WE0BP0RE0CO1DI1WO0CS0,2395225700873.3423
CH0SP1SE0WE0BP1RE0CO0DI0WO1CS0,2417917527427.424
CH0SP0SE0WE1BP0RE0CO0DI0WO1CS0,2290584035574.4243
CH1SP1SE0WE0BP0RE0CO0DI1WO1CS0,2392055402581.553
CH1SP1SE0WE1BP0RE1CO0DI1WO1CS0,2231621549785.756
CH0SP1SE1WE0BP0RE1CO1DI0WO1CS0,2383046969892.749
CH0SP0SE0WE1BP1RE0CO1DI0WO1CS0,2280067512445.9805
CH0SP1SE1WE0BP1RE1CO0DI1WO0CS1,2352627931016.5986
CH1SP0SE0WE1BP1RE0CO0DI0WO0CS1,2276976962755.9556
CH0SP1SE1WE0BP1RE1CO1DI0WO0CS0,2371963893361.6465
CH0SP0SE1WE0BP0RE1CO0DI0WO1CS1,2418492289607.829
CH0SP0SE0WE0BP1RE0CO0DI1WO1CS0,2404035454110.571
CH0SP0SE0WE1BP0RE1CO0DI0WO0CS1,2278694125972.3066
CH1SP0SE0WE0BP1RE0CO1DI0WO1CS0,2395892617287.3213
CH1SP0SE0WE1BP1RE0CO0DI1WO0CS0,2258205061033.757
CH0SP1SE1WE1BP0RE1CO0DI0WO0CS1,2272108343372.246
CH0SP0SE1WE0BP1RE0CO0DI0WO1CS1,2427439150816.69
CH1SP1SE0WE1BP0RE0CO0DI1WO1CS0,2258806409778.5107
CH0SP0SE1WE0BP1RE1CO1DI0WO0CS1,2387973117389.3354
CH0SP1SE1WE1BP0RE1CO1DI0WO0CS1,2271380383408.864
CH1SP0SE0WE1BP0RE0CO1DI0WO0CS1,2295221223627.421
CH0SP0SE0WE0BP0RE0CO1DI0WO0CS1,2426078786352.9756
CH1SP0SE1WE1BP0RE0CO1DI0WO0CS1,2296247714130.572
CH0SP0SE0WE0BP1RE1CO0DI1WO0CS1,2368283794360.079
CH1SP1SE0WE1BP0RE1CO0DI0WO1CS0,2262512489321.3535
CH1SP0SE0WE0BP1RE1CO0DI0WO0CS1,2395545682762.162
CH0SP1SE0WE0BP0RE1CO1DI0WO0CS0,2383849828557.6104
CH0SP0SE1WE0BP1RE0CO1DI1WO0CS0,2385209093858.248
CH1SP0SE0WE0BP0RE0CO0DI0WO1CS0,2435290673583.583
CH1SP1SE0WE0BP1RE1CO0DI1WO0CS0,2346761667827.962
CH1SP0SE0WE1BP0RE0CO0DI1WO0CS1,2270302335156.963
CH1SP0SE0WE0BP0RE1CO0DI0WO0CS1,2415292635145.1606
CH0SP1SE0WE0BP1RE0CO0DI1WO1CS0,2390335462073.4907
CH0SP0SE1WE0BP0RE1CO1DI0WO0CS1,2404437875194.6924
CH1SP0SE1WE0BP0RE0CO1DI0WO1CS0,2414435419701.15
CH1SP0SE0WE1BP0RE0CO0DI0WO1CS0,2287031316176.24
CH0SP1SE1WE0BP1RE0CO0DI1WO0CS1,2394626234929.54
CH1SP1SE0WE1BP0RE1CO0DI1WO0CS0,2233565504946.557
CH0SP1SE1WE1BP0RE0CO1DI0WO1CS0,2288609045691.938
CH1SP0SE0WE0BP0RE0CO1DI1WO0CS0,2387946986709.6426
CH0SP0SE0WE0BP0RE1CO0DI0WO0CS1,2419198779326.3154
CH1SP1SE0WE0BP0RE0CO0DI0WO1CS0,2427167164104.877
CH0SP1SE0WE1BP0RE1CO1DI1WO0CS0,2227884035304.108
CH0SP1SE1WE1BP0RE0CO1DI1WO0CS0,2256251481237.1743
CH0SP0SE0WE0BP0RE0CO0DI0WO0CS0,2442890925612.098
CH1SP0SE1WE1BP0RE0CO0DI0WO0CS1,2291764841766.6104
CH1SP0SE0WE0BP0RE1CO1DI0WO0CS0,2391726411735.409
CH0SP1SE0WE1BP1RE0CO1DI0WO0CS0,2275883739678.5293
CH1SP1SE0WE1BP0RE0CO1DI0WO0CS1,2288919526532.679
CH0SP1SE1WE0BP0RE1CO0DI1WO0CS1,2364049345348.866
CH1SP0SE1WE1BP0RE0CO1DI0WO1CS0,2288928422554.663
CH0SP1SE0WE1BP0RE0CO1DI0WO0CS0,2289616251986.5254
CH1SP0SE1WE0BP0RE0CO1DI0WO0CS1,2422077283729.295
CH1SP1SE0WE0BP1RE1CO1DI0WO0CS1,2369905027049.128
CH0SP0SE0WE1BP0RE0CO1DI0WO0CS0,2298207257745.7847
CH0SP1SE0WE1BP0RE0CO1DI0WO0CS1,2290301001844.537
CH1SP1SE0WE0BP1RE1CO0DI0WO0CS0,2385835028889.4326
CH0SP0SE1WE1BP0RE1CO1DI0WO1CS0,2280261069416.3823
CH0SP0SE0WE1BP0RE1CO0DI1WO1CS0,2243494514568.5703
CH0SP1SE0WE0BP1RE1CO0DI1WO0CS0,2349237317726.008
CH0SP1SE0WE1BP1RE0CO1DI0WO0CS1,2277112574949.087
CH1SP0SE0WE1BP0RE1CO1DI0WO0CS1,2277957165339.1616
CH1SP1SE0WE0BP0RE0CO0DI0WO0CS1,2432294711085.3916
CH1SP0SE1WE1BP0RE1CO0DI1WO0CS0,2245419117456.161
CH1SP1SE0WE1BP0RE0CO0DI1WO0CS0,2262957668119.2744
CH0SP1SE0WE0BP1RE1CO0DI0WO0CS0,2391298891780.1597
CH0SP1SE0WE0BP0RE0CO1DI0WO0CS1,2415724539243.4775
CH0SP0SE1WE1BP0RE1CO0DI1WO0CS1,2247913478693.619
CH1SP1SE0WE1BP0RE1CO0DI0WO0CS1,2269760535199.902
CH0SP1SE0WE0BP1RE0CO1DI0WO0CS1,2401096313845.9287
CH1SP1SE0WE1BP0RE0CO0DI0WO1CS1,2285874315651.101
CH1SP0SE0WE1BP1RE0CO0DI0WO0CS0,2273488253240.3325
CH0SP1SE0WE0BP0RE1CO1DI0WO0CS1,2386312408806.159
CH1SP1SE0WE1BP0RE1CO0DI0WO1CS1,2263457054863.549
CH1SP0SE0WE0BP1RE1CO0DI1WO0CS1,2365934277477.449
CH0SP0SE0WE0BP0RE0CO0DI0WO0CS1,2442432073999.9062
CH0SP0SE1WE1BP0RE0CO0DI0WO0CS1,2294569206794.691
CH0SP0SE1WE0BP1RE0CO0DI1WO1CS0,2406027944602.12
CH0SP1SE0WE0BP1RE0CO1DI1WO0CS0,2366026109773.6016
CH1SP0SE1WE0BP1RE1CO1DI0WO1CS0,2368779757637.8013
CH1SP0SE0WE1BP0RE0CO0DI0WO0CS0,2291069629339.628
CH0SP1SE1WE1BP0RE0CO0DI1WO1CS0,2261678458061.3496
CH1SP1SE0WE1BP0RE0CO1DI1WO0CS0,2255221578619.0186
CH0SP1SE0WE1BP0RE0CO0DI1WO0CS0,2262202894747.5884
CH1SP0SE1WE1BP1RE0CO0DI1WO0CS0,2259397029047.0913
CH0SP0SE1WE0BP1RE0CO0DI1WO0CS1,2405626549990.737
CH1SP0SE0WE0BP0RE1CO1DI0WO0CS1,2394684673405.7637
CH0SP0SE1WE1BP0RE1CO0DI0WO1CS1,2277217894106.8574
CH1SP1SE0WE1BP1RE0CO0DI0WO1CS1,2274147166659.4565
CH0SP0SE1WE0BP1RE1CO1DI1WO0CS0,2344501278469.455
CH1SP1SE0WE1BP1RE0CO1DI0WO1CS0,2269893653609.1973
CH0SP0SE0WE0BP1RE0CO0DI1WO0CS1,2405607353329.351
CH0SP0SE0WE0BP1RE1CO0DI0WO0CS1,2403298117978.415
CH0SP1SE0WE0BP1RE1CO1DI0WO1CS0,2370093343883.2275
CH0SP0SE0WE0BP0RE0CO0DI0WO1CS1,2442974348277.964
CH1SP0SE0WE0BP0RE0CO0DI0WO0CS1,2439911982921.625
CH1SP0SE1WE0BP1RE0CO1DI0WO0CS0,2402327184538.8096
CH0SP0SE1WE1BP0RE0CO1DI0WO0CS1,2299334097587.8096
CH0SP1SE0WE0BP1RE0CO0DI1WO0CS0,2391489379476.7583
CH1SP0SE0WE0BP0RE1CO1DI1WO0CS0,2351207950528.1567
CH0SP0SE1WE1BP1RE0CO0DI0WO0CS1,2277648551782.3135
CH0SP1SE1WE1BP0RE1CO0DI1WO1CS0,2235189377777.2495
CH1SP0SE1WE0BP0RE0CO1DI0WO0CS0,2421922443485.329
CH1SP0SE0WE0BP0RE1CO0DI1WO0CS0,2370992527407.619
CH1SP0SE0WE0BP0RE0CO0DI1WO0CS0,2409700738745.713
CH1SP1SE0WE0BP0RE1CO0DI0WO0CS1,2401980263681.9805
CH1SP1SE0WE0BP0RE0CO1DI0WO0CS1,2411336883804.2993
CH0SP1SE0WE0BP1RE1CO0DI1WO0CS1,2351761025573.6846
CH0SP0SE1WE0BP1RE0CO0DI1WO0CS0,2404873675449.8223
CH0SP0SE0WE0BP1RE1CO1DI0WO0CS0,2379744994486.7803
CH1SP0SE1WE0BP1RE0CO0DI1WO0CS0,2399930955928.6396
CH1SP0SE1WE1BP0RE1CO0DI0WO0CS0,2271429205629.6313
CH1SP1SE0WE0BP0RE1CO1DI0WO1CS0,2372658505968.784
CH0SP1SE1WE1BP1RE0CO0DI0WO0CS0,2274481499750.2812
CH0SP1SE1WE0BP0RE0CO1DI0WO0CS1,2415530807828.4067
CH1SP1SE0WE1BP0RE0CO0DI1WO0CS1,2263795608753.26
CH1SP1SE0WE0BP1RE0CO1DI0WO1CS0,2390612179912.098
CH0SP0SE0WE1BP0RE0CO0DI0WO1CS1,2295196257919.539
CH0SP0SE1WE1BP1RE0CO0DI1WO1CS0,2261148195913.6045
CH0SP0SE1WE1BP1RE0CO1DI0WO0CS0,2282820552393.4443
CH0SP1SE1WE0BP0RE1CO1DI0WO0CS1,2387947658887.3994
CH1SP0SE1WE0BP0RE1CO1DI1WO0CS0,2354045871107.3057
CH1SP1SE0WE0BP1RE1CO1DI1WO0CS0,2324788523138.1323
CH0SP1SE1WE1BP1RE0CO0DI0WO0CS1,2276560607257.411
CH1SP0SE1WE0BP1RE1CO0DI0WO1CS1,2389766484049.3623
CH1SP1SE0WE0BP0RE0CO0DI0WO0CS0,2431710215059.9893
CH1SP1SE0WE0BP0RE1CO1DI0WO0CS0,2379587944654.7563
CH1SP0SE1WE0BP0RE0CO0DI1WO1CS0,2407363000474.1743
CH0SP1SE1WE0BP1RE1CO0DI0WO0CS0,2392953306708.3813
CH1SP0SE0WE0BP1RE1CO1DI0WO0CS1,2378932136463.083
CH1SP0SE0WE0BP1RE0CO0DI1WO0CS1,2401388660525.466
CH0SP1SE1WE1BP0RE0CO1DI0WO0CS0,2290482616594.4478
CH0SP0SE0WE0BP1RE1CO0DI1WO0CS0,2364743069758.4453
CH1SP1SE0WE1BP0RE1CO1DI1WO0CS0,2226838785260.337
CH0SP1SE1WE1BP0RE1CO1DI1WO0CS0,2230231817700.8403
CH1SP0SE0WE1BP0RE1CO0DI1WO1CS0,2240795901923.5703
CH0SP0SE0WE0BP1RE1CO0DI1WO1CS0,2365096296065.585
CH1SP0SE0WE1BP0RE1CO0DI0WO1CS0,2266740649498.457
CH0SP1SE0WE1BP0RE0CO0DI0WO0CS0,2289178862523.8853
CH0SP1SE1WE0BP1RE1CO0DI1WO0CS0,2349787512061.6387
CH0SP0SE1WE1BP1RE0CO0DI1WO0CS0,2263264878910.3604
CH0SP1SE0WE1BP0RE1CO1DI0WO1CS0,2268284542335.791
CH0SP1SE1WE1BP0RE0CO0DI0WO0CS1,2289802686676.8037
CH1SP1SE0WE1BP0RE0CO0DI0WO0CS1,2288488892002.1465
CH0SP1SE0WE1BP0RE1CO1DI0WO0CS0,2269495612399.7275
CH1SP0SE0WE0BP1RE0CO0DI1WO1CS0,2393032720083.8706
CH0SP1SE1WE0BP1RE1CO0DI0WO1CS0,2388722947566.75
CH1SP0SE1WE1BP1RE0CO1DI0WO1CS0,2273763671826.9854
CH0SP1SE0WE0BP0RE0CO0DI0WO0CS0,2433527857545.6465
CH0SP0SE1WE0BP0RE0CO0DI0WO1CS0,2443413291478.6406
CH1SP1SE0WE1BP1RE0CO0DI0WO0CS0,2272803643539.967
CH0SP0SE0WE0BP1RE1CO1DI0WO1CS0,2375906117426.8887
CH1SP0SE1WE0BP1RE1CO1DI0WO0CS0,2373925431930.7656
CH0SP0SE0WE0BP0RE0CO0DI1WO0CS1,2414339763283.8213
CH1SP0SE1WE1BP0RE1CO1DI0WO1CS0,2268487968792.8706
CH0SP0SE1WE1BP0RE0CO0DI0WO1CS1,2293486557567.91
CH0SP1SE1WE0BP0RE0CO0DI0WO0CS0,2432063669364.037
CH1SP1SE0WE0BP1RE0CO0DI0WO1CS1,2415604902586.691
CH1SP0SE1WE0BP0RE0CO0DI1WO0CS1,2414220331128.6904
CH1SP1SE0WE0BP1RE1CO1DI0WO0CS0,2365745772694.345
CH1SP0SE1WE0BP1RE1CO0DI1WO0CS0,2362207024896.3926
CH1SP0SE1WE1BP1RE0CO0DI0WO0CS0,2274930861523.0195
CH1SP0SE1WE1BP0RE0CO0DI0WO1CS1,2288179176785.688
CH0SP1SE1WE0BP1RE1CO1DI1WO0CS0,2325498819314.848
CH0SP1SE0WE1BP1RE0CO0DI0WO0CS1,2275985436867.3633
CH1SP0SE1WE1BP0RE1CO0DI1WO1CS0,2241171549772.6265
CH0SP1SE0WE1BP0RE1CO0DI1WO0CS0,2235704546711.0117
CH0SP0SE1WE1BP0RE0CO0DI1WO1CS0,2271621687313.4976
CH0SP1SE1WE0BP0RE0CO1DI1WO0CS0,2376389284119.1895
CH0SP0SE0WE0BP0RE1CO1DI0WO1CS0,2397056397543.102
CH0SP1SE1WE0BP1RE0CO1DI0WO0CS1,2403258554741.757
CH0SP1SE1WE0BP0RE1CO0DI1WO1CS0,2358208745362.968
CH0SP1SE0WE1BP0RE0CO0DI1WO0CS1,2263521458866.78
CH0SP0SE0WE1BP0RE1CO0DI1WO0CS1,2247891445942.166
CH0SP0SE1WE0BP1RE0CO0DI0WO1CS0,2424802905475.2173
CH1SP1SE0WE1BP1RE0CO0DI1WO0CS1,2253436470581.9067
CH1SP0SE0WE0BP0RE0CO0DI0WO1CS1,2436796079936.159
CH1SP1SE0WE0BP0RE1CO0DI1WO1CS0,2351432019173.295
CH1SP1SE0WE1BP0RE1CO0DI0WO0CS0,2267320119066.602
CH0SP0SE0WE0BP0RE1CO0DI1WO0CS0,2373547113505.2695
CH1SP0SE0WE0BP1RE1CO1DI0WO0CS0,2374577959702.532
CH0SP1SE0WE0BP1RE1CO1DI0WO0CS1,2374570194654.2754
CH1SP0SE0WE1BP0RE1CO1DI1WO0CS0,2241963034008.1885
CH1SP0SE0WE0BP1RE0CO1DI0WO0CS0,2401921396771.3257
CH0SP0SE1WE0BP0RE1CO0DI0WO1CS0,2415418274489.066
CH1SP0SE0WE0BP1RE1CO0DI1WO1CS0,2356531389550.147
CH0SP0SE1WE0BP1RE0CO1DI0WO0CS1,2411662931288.503
CH0SP1SE1WE1BP1RE0CO0DI1WO0CS1,2254444677911.8125
CH1SP0SE1WE1BP1RE0CO0DI1WO1CS0,2257567003754.846
CH0SP0SE0WE1BP1RE0CO0DI1WO1CS0,2259264344433.9624
CH1SP0SE0WE0BP1RE1CO0DI0WO1CS0,2386727654567.5215
CH0SP1SE1WE0BP1RE0CO1DI0WO0CS0,2399267616216.967
CH1SP1SE0WE0BP0RE0CO1DI1WO0CS0,2371851087469.1973
CH0SP0SE1WE1BP1RE0CO0DI1WO0CS1,2264881777481.7773
CH1SP0SE1WE1BP0RE1CO1DI1WO0CS0,2242218693259.5728
CH0SP0SE0WE0BP1RE0CO0DI0WO1CS1,2426445276125.217
CH1SP0SE0WE1BP0RE0CO0DI1WO1CS0,2266499619000.1006
CH0SP0SE0WE0BP0RE1CO0DI1WO1CS0,2372107453598.506
CH0SP0SE1WE0BP1RE1CO0DI0WO0CS0,2397291328355.2847
CH1SP0SE1WE1BP1RE0CO0DI0WO1CS1,2272864249129.6445
CH1SP0SE1WE0BP1RE1CO0DI0WO1CS0,2386954763672.9756
CH0SP1SE0WE1BP0RE0CO1DI1WO0CS0,2257008370372.934
CH1SP1SE0WE1BP1RE0CO1DI0WO0CS0,2274566712855.55
CH0SP0SE1WE1BP0RE1CO0DI1WO0CS0,2247766358766.301
CH1SP1SE0WE1BP0RE1CO0DI1WO0CS1,2236086344608.8438
CH0SP1SE1WE0BP1RE0CO0DI0WO1CS1,2421395882086.269
CH0SP1SE1WE1BP0RE1CO0DI0WO1CS0,2268921831158.6924
CH1SP1SE0WE1BP1RE0CO1DI0WO0CS1,2278156628300.928
CH0SP1SE1WE1BP0RE1CO0DI0WO0CS0,2270437469511.1357
CH0SP1SE1WE1BP0RE1CO0DI1WO0CS1,2237412521073.2954
CH1SP1SE0WE0BP0RE0CO0DI0WO1CS1,2430556570918.865
CH1SP0SE1WE0BP0RE0CO1DI1WO0CS0,2391842544103.052
CH1SP0SE1WE1BP0RE0CO1DI1WO0CS0,2271724318346.543
CH0SP0SE0WE0BP0RE0CO0DI0WO1CS0,2440725121662.156
CH0SP1SE1WE1BP0RE1CO0DI1WO0CS0,2234332021531.905
CH1SP1SE0WE0BP0RE1CO1DI0WO0CS1,2384170490158.4775
CH0SP0SE1WE0BP0RE1CO1DI0WO1CS0,2396451846250.9346
CH0SP0SE0WE1BP1RE0CO1DI0WO0CS1,2283447470002.114
CH1SP1SE0WE0BP0RE1CO0DI0WO0CS0,2398242156153.28
CH0SP1SE1WE0BP0RE0CO1DI0WO0CS0,2415253307703.4604
CH0SP1SE1WE1BP1RE0CO0DI1WO1CS0,2253754184124.2427
CH0SP0SE0WE0BP1RE0CO1DI0WO0CS0,2407831338692.588
CH1SP0SE1WE1BP0RE0CO0DI1WO1CS0,2265351441742.487
CH0SP1SE0WE0BP0RE1CO0DI1WO0CS1,2359795067000.9126
CH1SP0SE1WE1BP1RE0CO0DI1WO0CS1,2261697870343.7036
CH0SP1SE0WE0BP1RE1CO0DI0WO1CS0,2389383689135.87
CH1SP0SE1WE0BP1RE1CO0DI1WO1CS0,2357792696751.1685
CH1SP1SE0WE0BP1RE0CO1DI1WO0CS0,2361455128784.0425
CH0SP1SE0WE0BP0RE0CO0DI1WO0CS1,2400020064360.9487
CH1SP0SE1WE1BP0RE1CO1DI0WO0CS0,2276449082367.6885
CH0SP0SE1WE0BP1RE1CO0DI0WO1CS0,2395993240511.6416
CH1SP0SE1WE1BP0RE1CO1DI0WO0CS1,2278296043552.4194
CH1SP1SE0WE0BP0RE1CO0DI1WO0CS0,2355746828473.449
CH0SP0SE1WE1BP1RE0CO0DI0WO1CS0,2274564011641.9307
CH1SP1SE0WE1BP0RE1CO1DI0WO0CS0,2265341192408.051
CH0SP1SE0WE1BP0RE0CO1DI0WO1CS0,2287275190399.98
CH0SP1SE1WE0BP1RE1CO1DI0WO0CS1,2376765733400.183
CH1SP0SE1WE1BP0RE1CO0DI0WO1CS0,2267296529788.109
CH0SP1SE1WE0BP0RE1CO1DI0WO0CS0,2386353905962.216
CH0SP0SE0WE0BP1RE0CO0DI0WO0CS1,2426663877399.025
CH1SP0SE0WE0BP1RE0CO1DI1WO0CS0,2376468084025.7837
CH0SP0SE0WE1BP0RE0CO0DI1WO1CS0,2270814274503.8228
CH1SP0SE0WE1BP1RE0CO1DI1WO0CS0,2259001907568.3027
CH0SP0SE1WE0BP1RE1CO0DI1WO0CS1,2370609778494.9556
CH0SP1SE0WE1BP0RE0CO0DI0WO1CS0,2287907633025.315
CH0SP0SE1WE0BP0RE0CO0DI1WO0CS0,2416245540317.923
CH0SP0SE1WE1BP0RE0CO1DI0WO0CS0,2299253687748.358
CH1SP0SE0WE0BP1RE1CO0DI1WO0CS0,2363620663177.1406
CH0SP0SE0WE1BP0RE1CO0DI1WO0CS0,2246114631025.082
CH1SP0SE0WE1BP1RE0CO1DI0WO0CS0,2278881116250.675
CH1SP1SE0WE1BP1RE0CO0DI1WO0CS0,2252986609127.789
CH0SP1SE1WE0BP1RE0CO0DI0WO1CS0,2418023602507.4297
CH0SP0SE0WE1BP0RE1CO0DI0WO1CS0,2273657270571.579
CH1SP0SE1WE0BP1RE1CO1DI1WO0CS0,2342917498011.533
CH0SP0SE1WE0BP0RE0CO0DI0WO0CS1,2443579182291.1846
CH1SP1SE0WE0BP1RE0CO0DI0WO0CS1,2418970961230.0327
CH1SP1SE0WE0BP1RE0CO1DI0WO0CS1,2399008415391.7305
CH1SP0SE0WE0BP0RE0CO1DI0WO0CS1,2421016701049.581
CH0SP1SE0WE0BP0RE0CO0DI0WO0CS1,2434783822058.0684
CH1SP0SE0WE1BP0RE0CO1DI0WO1CS0,2289118652344.8687
CH1SP0SE1WE0BP0RE1CO0DI1WO1CS0,2371095726471.8765
CH0SP1SE1WE0BP0RE0CO0DI0WO1CS1,2434860922804.6665
CH1SP1SE0WE1BP0RE1CO1DI0WO1CS0,2259288768945.1636
CH1SP0SE0WE1BP0RE1CO0DI1WO0CS0,2244634282131.1206
CH0SP1SE0WE0BP0RE1CO0DI0WO0CS0,2403891025852.6807
CH0SP1SE0WE0BP0RE0CO1DI1WO0CS0,2377040484398.877
CH0SP1SE0WE1BP0RE1CO0DI0WO1CS0,2268209954484.984
CH0SP0SE1WE1BP0RE1CO1DI0WO0CS0,2280932190929.2017
CH1SP0SE0WE0BP1RE0CO0DI0WO0CS0,2420498502286.2944
CH0SP1SE0WE0BP0RE1CO1DI0WO1CS0,2382413241576.8125
CH0SP0SE1WE0BP0RE1CO0DI0WO0CS0,2417715355647.064
CH0SP1SE1WE0BP0RE1CO0DI0WO1CS1,2406926236020.1255
CH1SP1SE0WE1BP0RE0CO1DI0WO0CS0,2287041742113.7373
CH1SP0SE0WE1BP0RE1CO1DI0WO1CS0,2268365460904.8477
CH1SP1SE0WE1BP0RE1CO1DI0WO0CS1,2268662324493.654
CH0SP1SE1WE1BP0RE0CO0DI0WO1CS1,2289205549232.775
CH1SP0SE0WE1BP1RE0CO1DI0WO0CS1,2281576326870.1553
CH1SP0SE0WE0BP0RE1CO0DI1WO1CS0,2368013716512.8706
CH0SP0SE1WE0BP1RE1CO0DI1WO0CS0,2365077668701.169
CH1SP0SE1WE1BP1RE0CO0DI0WO0CS1,2275343368209.919
CH0SP1SE0WE0BP1RE1CO1DI1WO0CS0,2323503367491.3115
CH1SP1SE0WE0BP0RE0CO0DI1WO0CS1,2397468807060.9985
CH0SP1SE1WE0BP0RE1CO1DI1WO0CS0,2334483737638.9565
CH0SP0SE0WE0BP1RE1CO1DI0WO0CS1,2382015716443.5503
CH0SP0SE1WE0BP0RE1CO1DI1WO0CS0,2356656145786.127
CH1SP1SE0WE0BP0RE0CO1DI0WO0CS0,2410879945004.3745
CH0SP1SE1WE0BP0RE1CO0DI0WO0CS1,2409665016235.0684
CH0SP0SE0WE0BP0RE1CO1DI0WO0CS1,2401585274301.107
CH0SP0SE1WE1BP0RE0CO0DI0WO1CS0,2292399852536.1685
CH1SP1SE0WE1BP1RE0CO0DI1WO1CS0,2247391111375.577
CH1SP1SE0WE1BP0RE0CO0DI0WO0CS0,2288156336063.885
CH0SP1SE1WE1BP1RE0CO1DI1WO0CS0,2250920090781.488
CH0SP0SE1WE0BP1RE0CO0DI0WO0CS1,2424353607942.617
CH1SP0SE0WE0BP0RE0CO0DI0WO0CS0,2439499736019.1396
CH1SP0SE0WE1BP0RE1CO1DI0WO0CS0,2275624037390.091
CH0SP0SE1WE0BP1RE1CO0DI0WO0CS1,2400388830676.3965
CH1SP0SE1WE0BP1RE1CO0DI0WO0CS0,2392109159245.2007
CH0SP0SE0WE0BP1RE1CO0DI0WO0CS0,2396759384987.8745
CH0SP0SE0WE1BP1RE0CO0DI1WO0CS1,2263193728035.9966
CH1SP0SE1WE1BP1RE0CO1DI0WO0CS0,2277301238441.045
CH0SP1SE0WE0BP0RE1CO1DI1WO0CS0,2332716471160.5825
CH0SP1SE0WE1BP0RE0CO0DI1WO1CS0,2263003289477.339
CH1SP0SE0WE0BP0RE0CO0DI1WO1CS0,2406925874148.761
CH0SP1SE0WE0BP0RE1CO0DI0WO0CS1,2406733478337.528
CH1SP1SE0WE0BP1RE1CO0DI1WO0CS1,2350650776328.2583
CH0SP1SE1WE0BP0RE1CO0DI0WO0CS0,2407186339348.2734
CH1SP0SE1WE0BP1RE0CO0DI0WO1CS1,2420091710770.545
CH0SP0SE0WE0BP0RE1CO0DI1WO0CS1,2379795490467.4146
CH0SP1SE0WE0BP0RE0CO1DI0WO0CS0,2414907718661.6416
CH1SP1SE0WE0BP1RE0CO0DI0WO1CS0,2413648596050.6387
CH0SP1SE0WE0BP1RE0CO0DI1WO0CS1,2390878759953.8257
CH0SP0SE1WE1BP0RE0CO1DI1WO0CS0,2273814999166.489
CH1SP0SE1WE1BP0RE1CO0DI0WO0CS1,2273849291154.0728
CH0SP1SE1WE0BP0RE0CO0DI1WO1CS0,2400175014932.6475
CH0SP1SE1WE0BP0RE0CO0DI0WO0CS1,2436332435740.2266
CH0SP1SE0WE1BP0RE0CO0DI0WO0CS1,2287855892440.044
CH0SP1SE1WE1BP1RE0CO0DI0WO1CS1,2275498501182.9795
CH0SP0SE1WE0BP1RE0CO0DI0WO0CS0,2421685709086.8994
CH0SP1SE0WE1BP0RE1CO0DI1WO1CS0,2234478391816.4854
CH1SP0SE1WE1BP1RE0CO0DI0WO1CS0,2271860572544.6567
CH0SP1SE1WE1BP0RE1CO1DI0WO0CS0,2270220337738.541
CH0SP0SE0WE0BP1RE0CO1DI0WO0CS1,2410482677795.11
CH1SP0SE1WE0BP0RE1CO0DI0WO1CS0,2404083771219.7896
CH1SP0SE1WE0BP0RE1CO1DI0WO1CS0,2386752066312.663
CH0SP0SE0WE0BP0RE1CO0DI0WO0CS0,2415481427078.3467
CH1SP0SE0WE1BP1RE0CO0DI1WO1CS0,2256233930658.524
CH0SP1SE0WE0BP1RE1CO1DI0WO0CS0,2366857563752.534
CH0SP1SE1WE0BP1RE0CO1DI0WO1CS0,2399239155182.5186
CH0SP1SE1WE0BP1RE0CO0DI0WO0CS0,2420950021450.8325
CH0SP0SE1WE0BP0RE1CO1DI0WO0CS0,2400195663550.5723
CH0SP0SE1WE1BP0RE1CO0DI0WO0CS0,2277291648804.678
CH0SP1SE0WE0BP1RE0CO0DI0WO0CS0,2418995012363.914
CH0SP1SE0WE1BP1RE0CO1DI0WO1CS0,2274934810855.509
CH0SP1SE0WE0BP0RE0CO1DI0WO1CS0,2411545529493.7573
CH0SP0SE0WE1BP1RE0CO0DI1WO0CS0,2261561643313.375
CH1SP0SE0WE0BP0RE0CO0DI1WO0CS1,2412877627217.284
CH0SP0SE0WE1BP0RE0CO0DI0WO0CS0,2293194952078.3086
CH0SP1SE0WE0BP0RE1CO0DI1WO1CS0,2355258037316.1045
CH0SP1SE1WE0BP0RE1CO0DI1WO0CS0,2358704946730.964
CH0SP0SE0WE1BP1RE0CO1DI1WO0CS0,2261235689909.877
CH0SP0SE0WE1BP1RE0CO0DI0WO0CS0,2275013845097.6074
CH0SP0SE1WE1BP0RE1CO0DI0WO1CS0,2275769544969.2725
CH1SP0SE0WE1BP1RE0CO0DI1WO0CS1,2258844105500.092
CH0SP0SE0WE1BP0RE0CO1DI0WO1CS0,2296432892210.174
CH1SP0SE0WE0BP1RE0CO1DI0WO0CS1,2404543995339.834
CH0SP0SE1WE0BP1RE0CO1DI0WO1CS0,2405426300615.1943
CH0SP0SE1WE0BP0RE0CO0DI1WO0CS1,2417337295410.883
CH0SP0SE0WE0BP1RE0CO0DI1WO0CS0,2403389822251.075
CH0SP1SE1WE0BP0RE0CO0DI0WO1CS0,2434120628664.4395
CH1SP0SE1WE1BP0RE1CO0DI0WO1CS1,2269655844526.5522
CH0SP0SE0WE0BP0RE1CO0DI0WO1CS1,2418369707861.982
CH0SP1SE1WE1BP1RE0CO0DI0WO1CS0,2274032060023.9536
CH1SP0SE1WE0BP1RE0CO1DI0WO1CS0,2397168976584.002
CH0SP1SE1WE1BP0RE0CO0DI1WO0CS1,2263655621943.0444
CH0SP0SE0WE0BP0RE0CO0DI1WO1CS0,2413696121188.299
CH0SP1SE1WE1BP0RE0CO1DI0WO0CS1,2291316115913.421
CH0SP0SE1WE1BP1RE0CO1DI0WO1CS0,2279489967423.249
CH0SP0SE1WE0BP0RE0CO1DI0WO0CS1,2427401657970.7393
CH0SP1SE1WE1BP0RE1CO0DI0WO1CS1,2270854311243.6826
CH1SP0SE1WE1BP0RE0CO0DI1WO0CS0,2268975987797.8066
CH0SP0SE1WE1BP0RE0CO0DI1WO0CS0,2272506826883.8174
CH0SP1SE0WE0BP0RE0CO0DI0WO1CS0,2434582112226.394
CH1SP0SE1WE1BP1RE0CO1DI0WO0CS1,2280014542343.458
CH1SP0SE0WE1BP0RE1CO0DI0WO1CS1,2268440845254.5063
CH1SP1SE0WE1BP0RE0CO0DI0WO1CS0,2283159830846.2695
CH0SP0SE0WE0BP0RE1CO1DI1WO0CS0,2351125483027.6655
CH1SP0SE1WE0BP0RE1CO1DI0WO0CS1,2398243268272.5156
CH0SP1SE0WE0BP1RE1CO0DI0WO0CS1,2395044752079.1978
CH0SP1SE1WE0BP1RE1CO1DI0WO1CS0,2369235164130.843
CH0SP0SE1WE0BP1RE1CO0DI0WO1CS1,2402081311154.0854
CH0SP0SE1WE1BP1RE0CO1DI0WO0CS1,2282529284568.077
CH1SP0SE0WE0BP0RE1CO0DI1WO0CS1,2377024490777.8086
CH1SP1SE0WE0BP1RE1CO0DI1WO1CS0,2342688544294.53
CH0SP1SE1WE1BP1RE0CO1DI0WO0CS0,2274574789441.305
CH1SP1SE0WE0BP0RE1CO0DI0WO1CS0,2394981050212.6953
CH1SP1SE0WE0BP0RE1CO0DI0WO1CS1,2396107163324.4443
CH0SP0SE1WE1BP0RE1CO0DI1WO1CS0,2248645894222.3877
CH0SP1SE0WE0BP1RE0CO0DI0WO1CS1,2419459060894.1304
CH1SP0SE1WE0BP0RE0CO0DI1WO0CS0,2412426296550.6353
CH1SP1SE0WE0BP1RE1CO1DI0WO1CS0,2359233862415.288
CH1SP1SE0WE0BP1RE0CO1DI0WO0CS0,2397832142179.2334
CH1SP0SE1WE0BP0RE1CO0DI0WO0CS1,2414758097415.4507
CH0SP1SE0WE1BP1RE0CO0DI0WO0CS0,2273301134762.248
CH1SP0SE1WE0BP1RE0CO1DI0WO0CS1,2406133553670.124
CH1SP0SE1WE0BP0RE0CO0DI0WO1CS1,2437749814396.321
CH0SP1SE1WE0BP0RE0CO1DI0WO1CS0,2413234887023.37
CH0SP1SE0WE0BP0RE1CO0DI1WO0CS0,2357744364726.475
CH1SP0SE0WE0BP1RE0CO0DI0WO1CS0,2415831249515.2236
CH1SP1SE0WE0BP1RE0CO0DI1WO0CS1,2389954640906.7104
CH0SP1SE0WE0BP0RE1CO0DI0WO1CS1,2404948943283.12
CH0SP1SE0WE1BP1RE0CO0DI0WO1CS0,2274317512966.069
CH1SP1SE0WE0BP1RE1CO0DI0WO0CS1,2390412136086.003
CH0SP0SE0WE0BP0RE0CO1DI0WO0CS0,2424803007162.1587
CH0SP0SE0WE1BP1RE0CO1DI0WO0CS0,2282347877085.055
CH0SP0SE0WE1BP1RE0CO0DI0WO1CS0,2275196212271.958
CH0SP1SE1WE0BP1RE0CO0DI0WO0CS1,2422139030921.461
CH1SP0SE0WE0BP0RE0CO1DI0WO1CS0,2413905772156.129
CH1SP1SE0WE1BP0RE0CO1DI0WO1CS0,2283228921609.7485
CH0SP1SE0WE0BP0RE0CO0DI1WO1CS0,2397931861332.83
CH1SP0SE0WE0BP1RE1CO0DI0WO0CS0,2391771160650.156
CH1SP1SE0WE0BP0RE1CO1DI1WO0CS0,2332782967089.3594
CH1SP0SE0WE1BP0RE0CO0DI0WO0CS1,2291196992675.336
CH0SP0SE0WE0BP0RE1CO1DI0WO0CS0,2398588211412.4385
CH0SP1SE1WE1BP0RE0CO0DI0WO0CS0,2288460267978.2695
CH1SP0SE1WE0BP0RE1CO0DI0WO0CS0,2411863452167.2725
CH1SP1SE0WE0BP0RE0CO0DI1WO0CS0,2393775637794.2646
CH0SP1SE1WE1BP1RE0CO1DI0WO1CS0,2275015250183.1963
CH0SP1SE1WE1BP1RE0CO0DI1WO0CS0,2253644941366.1797
CH0SP0SE0WE1BP0RE1CO1DI0WO0CS0,2281173229822.5234
CH0SP1SE0WE0BP1RE1CO0DI0WO1CS1,2392561443286.1353
CH0SP1SE0WE1BP0RE1CO0DI0WO0CS1,2270153996839.207
CH0SP0SE0WE0BP1RE0CO0DI0WO1CS0,2420632467631.5312
CH1SP0SE1WE1BP0RE0CO1DI0WO0CS0,2294640340124.092
CH1SP0SE1WE0BP0RE1CO1DI0WO0CS0,2392615320229.1006
CH0SP1SE0WE1BP0RE1CO0DI0WO0CS0,2269420371156.6523
CH1SP0SE0WE1BP1RE0CO0DI0WO1CS1,2270269200657.038
CH0SP0SE0WE1BP0RE0CO1DI0WO0CS1,2297855837465.923
CH0SP0SE0WE1BP0RE1CO1DI1WO0CS0,2245632150448.47
CH0SP0SE0WE1BP0RE1CO0DI0WO0CS0,2275891626150.7456
CH0SP0SE1WE0BP1RE1CO1DI0WO0CS0,2382897607504.461
CH1SP0SE0WE1BP1RE0CO0DI0WO1CS0,2270079012163.8306
CH0SP0SE1WE1BP0RE1CO1DI1WO0CS0,2244323594488.056
CH0SP0SE0WE1BP1RE0CO0DI0WO1CS1,2277506898838.88
CH0SP1SE1WE1BP1RE0CO1DI0WO0CS1,2276454098606.874
CH1SP1SE0WE1BP1RE0CO0DI0WO0CS1,2274599234037.368
CH0SP0SE1WE1BP0RE1CO0DI0WO0CS1,2279784289581.557
CH0SP0SE0WE0BP1RE0CO1DI1WO0CS0,2383140728213.634
CH1SP1SE0WE0BP1RE0CO0DI0WO0CS0,2417172894060.711
CH1SP0SE0WE0BP1RE0CO0DI0WO1CS1,2416499166127.4453
CH1SP0SE0WE1BP0RE0CO1DI1WO0CS0,2268494950170.4844
CH0SP0SE1WE1BP0RE0CO0DI1WO0CS1,2274582679358.6885
CH0SP1SE1WE0BP1RE1CO0DI0WO0CS1,2394333289948.378
CH1SP0SE0WE0BP1RE1CO1DI0WO1CS0,2366037502045.7783
CH1SP0SE0WE0BP0RE1CO1DI0WO1CS0,2383980838023.2935
CH0SP0SE0WE1BP0RE0CO1DI1WO0CS0,2273361055346.49
CH0SP0SE1WE0BP0RE0CO0DI1WO1CS0,2415806686901.509
CH1SP0SE0WE1BP1RE0CO1DI0WO1CS0,2273004902038.0312
CH0SP0SE1WE0BP0RE1CO0DI1WO1CS0,2377565184851.7466
CH1SP1SE0WE1BP1RE0CO0DI0WO1CS0,2270420504384.485
CH1SP1SE0WE0BP1RE0CO0DI1WO0CS0,2387767256653.6006
CH0SP1SE0WE1BP1RE0CO0DI1WO1CS0,2251631740024.8457
CH1SP0SE0WE1BP0RE1CO0DI0WO0CS1,2273805611651.909
CH1SP0SE1WE1BP0RE0CO0DI1WO0CS1,2272508467681.7305
CH0SP0SE1WE0BP0RE0CO1DI0WO0CS0,2424093410439.301
CH1SP0SE1WE0BP1RE0CO0DI0WO0CS1,2425043913689.9697
CH0SP1SE0WE0BP1RE0CO1DI0WO0CS0,2398164860393.13
CH0SP0SE0WE1BP0RE1CO0DI0WO1CS1,2274784706933.2954
CH1SP0SE0WE1BP0RE0CO1DI0WO0CS0,2294731027659.754
CH0SP1SE1WE1BP0RE0CO0DI1WO0CS0,2263143962720.53
CH1SP0SE0WE0BP1RE1CO1DI1WO0CS0,2340434767344.1694
CH1SP0SE0WE1BP0RE0CO0DI0WO1CS1,2287504594022.831
CH1SP1SE0WE0BP1RE1CO0DI0WO1CS1,2383186208085.0684
CH0SP0SE0WE0BP0RE0CO1DI0WO1CS0,2422366048106.873
CH1SP0SE1WE1BP0RE0CO0DI0WO1CS0,2288380284349.4067
CH0SP1SE1WE0BP1RE0CO0DI1WO0CS0,2390989310295.5137
CH0SP1SE0WE1BP0RE1CO0DI1WO0CS1,2235030385016.0796
CH1SP0SE0WE1BP0RE1CO0DI1WO0CS1,2245607132782.5264
CH0SP0SE0WE0BP0RE0CO1DI1WO0CS0,2393208741893.717
CH0SP0SE1WE1BP0RE0CO1DI0WO1CS0,2298629712642.162
CH0SP0SE1WE0BP0RE1CO0DI1WO0CS1,2381262439535.679
CH1SP0SE1WE0BP1RE0CO0DI0WO1CS0,2418182816679.6455
CH0SP1SE0WE0BP1RE0CO0DI0WO0CS1,2420942063081.027
CH0SP0SE1WE0BP1RE0CO1DI0WO0CS0,2409033121223.5674
CH1SP0SE0WE0BP1RE0CO0DI0WO0CS1,2424240823776.4688
CH1SP0SE1WE0BP0RE0CO0DI0WO0CS0,2440013095947.64
CH0SP0SE0WE0BP1RE0CO0DI0WO0CS0,2421405995184.084
CH0SP1SE0WE1BP1RE0CO0DI1WO0CS0,2255281926432.9688
CH0SP0SE0WE0BP0RE1CO0DI0WO1CS0,2413847016387.9907
CH1SP0SE0WE0BP0RE1CO0DI0WO0CS0,2410770770031.0996
CH0SP1SE1WE0BP1RE1CO0DI1WO1CS0,2346967429475.035
CH0SP1SE1WE0BP1RE0CO0DI1WO1CS0,2389894616978.9053
CH0SP0SE1WE0BP0RE1CO0DI1WO0CS0,2377440785125.158
CH0SP1SE1WE1BP0RE0CO0DI0WO1CS0,2287874565249.3545
CH1SP0SE0WE0BP0RE1CO0DI0WO1CS0,2402915607142.0493
CH0SP0SE1WE0BP0RE0CO0DI0WO1CS1,2444162187955.5693
CH1SP0SE0WE1BP0RE0CO0DI1WO0CS0,2269010521896.6846
CH1SP0SE1WE0BP1RE0CO0DI1WO1CS0,2396292975005.043
CH1SP1SE0WE1BP1RE0CO1DI1WO0CS0,2247315334711.852
CH0SP1SE0WE0BP0RE0CO0DI1WO0CS0,2398324824194.8486
CH1SP0SE1WE0BP1RE0CO0DI1WO0CS1,2403560507928.994
CH0SP1SE0WE1BP1RE0CO0DI1WO0CS1,2254494247069.632
CH0SP1SE1WE0BP0RE0CO0DI1WO0CS0,2400601552344.8887
CH0SP0SE0WE0BP1RE1CO0DI0WO1CS0,2394863136751.801
CH0SP0SE0WE0BP1RE1CO1DI1WO0CS0,2342008552329.698
CH0SP0SE1WE0BP1RE1CO1DI0WO1CS0,2381179146535.705
CH0SP0SE0WE1BP0RE0CO0DI1WO0CS0,2271810413917.1294
CH0SP0SE0WE0BP1RE1CO0DI0WO1CS1,2400085174335.2
